URI,Trench and Trench Number,Year
http://opencontext.org/subjects/66ebb4f3-2e71-49d9-002d-ee6079231f29,Agger 11,
http://opencontext.org/subjects/05cab086-0e36-478c-f72c-22a15abcfb19,Agger 8,
http://opencontext.org/media/e7994636-f27f-490b-7785-f7d285748300,Unrecorded,450
http://opencontext.org/documents/c0f7990c-b376-439a-a7b1-cff72a81c169,Civitate A 2D,1966
http://opencontext.org/subjects/e651cbef-b83d-4ed4-21fd-a8a9ae2c18bd,Agger 2D,
http://opencontext.org/media/e31f0691-c06b-49a6-abbb-3f295d7bce88,Civitate A 1,1966
http://opencontext.org/subjects/b98e614b-da64-41be-1ce8-9e5d3496c96d,Agger 9 Extension,
http://opencontext.org/media/2448501d-0c31-425e-ae18-191c65cd6121,Civitate A 2A,1966
http://opencontext.org/media/bbb080f9-10a6-4d20-82e2-3563742e3f5a,Civitate A 2,1966
http://opencontext.org/documents/89402d66-6ff6-46fe-8b96-8e7316a6de9e,Poggio Aguzzo 1,1966
http://opencontext.org/subjects/a4494215-7687-4aea-b4eb-dd443fe84730,Agger 1,
http://opencontext.org/subjects/f10f2e4c-3088-403d-0e2b-470b1fa0b694,Agger 10,
http://opencontext.org/subjects/99cb9eb0-1eda-412d-7fbd-04bcd5e44dcf,Agger 9 Southern Extension,
http://opencontext.org/subjects/5c8ba00a-fd53-4d68-8ba8-8a4a17f4cbd6,Agger 11 Extension,
http://opencontext.org/subjects/8fd93d1c-264c-40b6-9a72-1f3eab44c8b6,Agger 3,
http://opencontext.org/subjects/2a1a12f4-f920-4a59-35c5-70d8d7fec492,Agger 4,
http://opencontext.org/subjects/9673d2a7-4426-412b-cdcb-1d74fac4bd20,Agger 5,
http://opencontext.org/subjects/3cd9ca1d-069b-4a65-3dfd-3d170ae8023c,Agger 6,
http://opencontext.org/subjects/be44a1b2-774b-4bb0-afdf-4617996cff76,Agger 7,
http://opencontext.org/subjects/66213b47-0de6-450b-10df-d9143c5c8bc2,Agger 9B,
http://opencontext.org/subjects/321d5bd9-70ee-4095-fd3e-c80b00cdec78,Agger 9A,
http://opencontext.org/subjects/85bcd16c-705b-4cc5-c88a-52c280711a7b,Agger 2C,
http://opencontext.org/subjects/038dc277-d83a-492b-f5ce-ae13dce3d50b,Agger 2A,
http://opencontext.org/subjects/034aa229-42a6-4b45-287e-e5c409981cf9,Agger 9C,
http://opencontext.org/subjects/403cdcf6-c5cf-4fc2-c66c-075f99ea91ad,Agger 2B,
http://opencontext.org/subjects/5f3f7e8b-7d93-4295-9c09-5ddcb9f88508,,
http://opencontext.org/documents/ecb0ce82-6fd4-48ec-877e-95ddaf31e306,Civitate A 2F,1967
http://opencontext.org/documents/662de956-0065-4c25-8c99-2b8c04330a4c,Civitate A 2D,1967
http://opencontext.org/media/fa0a54e7-2e41-4116-d2c9-ad6f7df02ff8,Civitate A 2C,1967
http://opencontext.org/media/f56e1e0c-231d-49c4-bbb3-48bbacbaeb00,Civitate A 2A,1967
http://opencontext.org/media/b4ba9843-dd04-4374-137b-626840d291dc,Civitate A 2E,1967
http://opencontext.org/media/b66967ad-9455-43f3-aa62-1e6d95af059b,Civitate A 2B,1967
http://opencontext.org/media/39e28c5c-be2d-4350-130b-30ac6fd00688,Civitate A 2,1967
http://opencontext.org/subjects/a96fbda0-9054-4140-9622-cb07ce613758,Civitate A 13,
http://opencontext.org/subjects/ba4dd0ac-d9fc-43ae-b343-7a100244fce0,Civitate A 28,
http://opencontext.org/subjects/5153b969-2077-4e31-edd1-abb4f764abc7,Civitate A 2,
http://opencontext.org/subjects/4500ca4a-4b5a-41e8-5337-1c77990375af,Civitate A 2F,
http://opencontext.org/subjects/5879c9ed-5fcf-4062-4477-fa5b44250143,Civitate A 33,
http://opencontext.org/subjects/f143fa0b-93c8-435f-d34a-bbf4725708af,Civitate A 36,
http://opencontext.org/subjects/c7823aac-4e80-48b0-a6e6-b772c58873a4,Civitate A 42,
http://opencontext.org/subjects/cefdf473-5b63-4b3f-b16f-c4e77e03f2be,Civitate A 37,
http://opencontext.org/documents/be1b4a77-deb7-4b28-a0b9-4afe2cdcf9f9,Agger 2D,1968
http://opencontext.org/media/19754aba-fd41-471e-cdf7-570ca51ae94e,Agger 2A,1968
http://opencontext.org/media/bdcac75a-6055-4275-9a86-5b7d3cf53c57,Agger 2C,1968
http://opencontext.org/media/9633e6b4-8650-4820-1912-93a5c499262e,Agger 1,1968
http://opencontext.org/documents/7e0a16b2-99f7-4fbd-8d09-cbfe3d7ff0e0,Civitate A 2,1968
http://opencontext.org/media/a2198536-a667-46cb-10b0-c00b83bbb47d,Civitate A 2G,1968
http://opencontext.org/media/a96e476e-cac6-4c91-06d8-3443e9066e80,Civitate A 2I,1968
http://opencontext.org/subjects/77830f25-f564-4094-19b9-7db8aba08945,Civitate A 45,
http://opencontext.org/media/7f04a0c9-9b8a-4de9-d7e1-5b261df305b9,Civitate A 2H,1968
http://opencontext.org/media/fde42dbd-6080-4253-4a0c-ee2e4119139d,Civitate A 2J,1968
http://opencontext.org/documents/ff2cd319-59db-489c-b9cf-559f1a93480b,Civitate A 3,1968
http://opencontext.org/media/2885ce59-db11-4875-d00c-137da20470fc,Civitate A 2K,1968
http://opencontext.org/subjects/ff3f1d7b-6e6a-4c3b-846d-730f9ae1efc5,Civitate A 13,1968
http://opencontext.org/subjects/97b9f68d-cff8-4d37-bee2-e551a619c090,Civitate A 4,1968
http://opencontext.org/documents/8b6ef07f-746c-4fd5-b73f-a60cd0e34712,Civitate B 6,1968
http://opencontext.org/media/f6d73c6d-8799-44aa-ee4a-408b6321884a,Civitate B 15,1968
http://opencontext.org/subjects/09868476-b6b3-4a49-1efa-ff0bfb62d322,Civitate C 1B,1968
http://opencontext.org/documents/2546199b-3cb8-4a77-a26e-c384b6f1be09,Civitatine B1,1968
http://opencontext.org/subjects/a13a7840-04f0-492a-c8e3-c1ea488b006c,Civitate A 41,
http://opencontext.org/subjects/3b24ea00-ca9e-4762-52a2-5a170bce1402,Civitate A 44,
http://opencontext.org/subjects/7d8606a7-cb65-4b3e-a339-fbb9b6ff7eb4,Civitate A 70,
http://opencontext.org/subjects/09e36d34-e5da-432e-9367-057d3ecf26f6,Civitate A 2D,
http://opencontext.org/subjects/80c59cb5-d6ca-4b88-8e93-cab9c1e3798f,Civitate A82,
http://opencontext.org/subjects/7c56c14f-9336-443d-4d1f-602299831244,Civitate A 42N,
http://opencontext.org/documents/fc64f57f-e4d8-4a31-92ac-bfcf7cd26378,Agger 8,1969
http://opencontext.org/media/95a97910-f319-4cf0-f641-3c8adcd957c9,Agger 5,1969
http://opencontext.org/media/7ceb8f95-219e-4c62-049a-67a14975f0c1,Agger 3,1969
http://opencontext.org/media/e150387a-d545-4ab1-ebf8-1a90d6bc8c85,Agger 4,1969
http://opencontext.org/subjects/2f2d6d6e-a85e-4876-af9d-01e83668f5e9,Civitate A81,
http://opencontext.org/subjects/644bb446-6a25-46e8-64c9-e8735e227e72,Civitate A 62,
http://opencontext.org/media/46b0a5e7-de37-4fda-0ec1-d68ec6e1d295,Agger 6,1969
http://opencontext.org/subjects/2ab489e7-014b-4437-aeca-c243e019695a,Civitate A72,
http://opencontext.org/media/c5ec10e3-1c2f-49f0-0836-80f3c961293f,Agger 7,1969
http://opencontext.org/documents/15471c46-be30-4359-956c-cff6a2b18da8,Civitate A 15,1969
http://opencontext.org/documents/9d67d0ca-23bd-4bad-a44a-8839ae0c92cf,Civitate A 1,1969
http://opencontext.org/subjects/85c5376b-08b0-429a-f106-d9386fa457b3,Civitate A 56,
http://opencontext.org/subjects/cc79062b-1b2c-417b-9295-299e89d26c97,Civitate A73,
http://opencontext.org/documents/acf9cb18-72dc-4724-a17f-6219f7ababb2,Civitate A 13,1969
http://opencontext.org/subjects/eccf1e45-88e2-4072-98a5-d04eaa7c3b70,Civitate A78,
http://opencontext.org/media/7da42d9d-6d9d-44f4-3a6d-714473def6f8,Civitate A 28,1969
http://opencontext.org/subjects/5e429fd0-c205-4eb7-7e05-32d4b588e5e1,Civitate A 55,
http://opencontext.org/subjects/e7100971-7904-4848-9215-47d12309f089,Civitate A77,
http://opencontext.org/subjects/a0e5edd4-7388-450b-df1c-68203ede247a,Civitate A 39,
http://opencontext.org/subjects/4acaaff3-cab7-4391-940b-6f6cb9946186,Civitate A76,
http://opencontext.org/subjects/3e90bc2c-c826-4a12-6382-131b825bfa27,Civitate A 47,
http://opencontext.org/subjects/4ba347eb-5401-407a-a65b-7206754259ad,Civitate A83,
http://opencontext.org/media/2e85ca96-f9f6-4c98-4c85-d8ca8c078237,Civitate A 24,1969
http://opencontext.org/subjects/23e7aafa-37d8-4e72-b92e-5e94fedfd207,Civitate A80,
http://opencontext.org/subjects/60f9b8c2-7279-4bf5-9bd1-a0a1c3747017,Civitate A 64,
http://opencontext.org/media/f7d91622-6aed-40f7-6add-1ad90eff89a2,Civitate A 14,1969
http://opencontext.org/subjects/2189b8ab-a4a5-490a-83dd-3b9c2e2385d2,Civitate A79,
http://opencontext.org/subjects/feb576a3-12de-4ae2-495d-87e662f23ff5,Civitate A 57,
http://opencontext.org/subjects/3c36cd47-17fe-4390-aa8b-0ba9af8c0a79,Civitate A 65,
http://opencontext.org/subjects/136a7cdf-13d8-4bad-4e71-01cb93c4056f,Civitate A 43,
http://opencontext.org/media/b5b6d3c6-fb18-4237-84bf-a3d851d7f9ef,Civitate A 16,1969
http://opencontext.org/subjects/3f1e1f75-3a5e-4105-1dd2-94c776de493f,Civitate A 61,
http://opencontext.org/subjects/5071035d-3771-48d5-89fd-f59c01f96e74,Civitate A74,
http://opencontext.org/media/d01bc3e5-abd2-4886-1d5e-b88ccc2f4e21,Civitate A 21,1969
http://opencontext.org/subjects/8ccce754-4c05-430a-e94c-b6cf1bcb4c52,Civitate A 22,1969
http://opencontext.org/media/67963ce7-cda2-466b-fc24-07ad997ac858,Civitate B 18,1969
http://opencontext.org/documents/cad6c6f4-38d4-4462-b150-7cd5c021df4d,Civitate C 6,1969
http://opencontext.org/subjects/2fed46fb-bcf6-439b-b15e-307881df5011,Civitate A 49,
http://opencontext.org/subjects/c334ab97-3c6f-4d01-ba1d-c245a73ede34,Civitate A 48,
http://opencontext.org/media/ba7a6084-2e81-452f-d0d1-cc847a8dfa9b,Civitate C 3,1969
http://opencontext.org/subjects/254dc26d-0431-4e75-8c50-ab6016c0df7e,Civitate A71,
http://opencontext.org/subjects/a6b061fa-c808-4282-d03e-8d80a26ff325,Civitate A 66,
http://opencontext.org/documents/172f91f0-e62e-4643-9d62-40c5b47eb31b,Poggio Aguzzo 1,1969
http://opencontext.org/subjects/3689eb5d-e9a2-49e4-9be5-c9676080ec2b,Civitate A89,
http://opencontext.org/subjects/bbef5707-c16f-4bfd-932e-5d9b83f6d9c4,Civitate A 68,
http://opencontext.org/media/a62523df-ce4c-485e-a880-341d9c17ef49,,
http://opencontext.org/subjects/3427ed52-fea9-4e28-e250-4ecf923a116a,Civitate A 46,
http://opencontext.org/subjects/5daad77b-929e-44ce-9bdf-e7a67220671d,Civitate A95,
http://opencontext.org/subjects/b0e2dec0-f4cd-4967-8bbd-90b9c667ce33,Civitate A92,
http://opencontext.org/subjects/5d60be1b-57a7-4f37-7ca1-11e57a73fb31,Civitate A 58,
http://opencontext.org/subjects/a5049327-bcce-43b2-aa50-2fbebd620bdf,Civitate A 63,
http://opencontext.org/subjects/83518343-34aa-4020-84e8-a50ff471879d,Civitate A84,
http://opencontext.org/subjects/476ca37d-d70d-443e-45ad-d58b57f9ccef,Civitate A 69,
http://opencontext.org/subjects/e6b4620a-c575-411a-b136-b4110755ac6d,Civitate A88,
http://opencontext.org/subjects/1a6306d7-a0f3-4b45-9667-6854f9e21100,Civitate A75,
http://opencontext.org/subjects/c0c7b0e4-6135-4a2d-5e6b-1285190f271f,Civitate A 59,
http://opencontext.org/subjects/3f7dc67b-9640-4e09-8c63-42640b4b23c2,Civitate A87,
http://opencontext.org/subjects/2d73d4bc-bc05-4242-9896-b8cf3ca96346,Civitate A86,
http://opencontext.org/subjects/7e0a1f0b-052d-41e7-a8fb-cc8698da4c7e,Civitate A91,
http://opencontext.org/subjects/78dc8ffd-d170-4ff7-1d02-ea0c85a4539c,Civitate A 60,
http://opencontext.org/subjects/7e17dfbb-8f0f-4a19-3f74-f9268fbd6813,Civitate A 54,
http://opencontext.org/documents/1f600421-c9e8-4030-97d9-8a31b4beb380,Agger 4,1970
http://opencontext.org/documents/c6c91d73-6548-49ac-b1f3-9984ab5759dc,Agger 1,1970
http://opencontext.org/media/484ee855-aafa-43ed-88b8-e923564a80ad,Agger 2B,1970
http://opencontext.org/subjects/85cec729-67d2-41fd-b423-0466f07eed50,Civitate A94,
http://opencontext.org/subjects/a08a8f9b-dfac-436c-6d6e-f08ede4c40db,Civitate A 67,
http://opencontext.org/subjects/7bbc18af-af3a-47dc-9504-84178123f1fb,Civitate A93,
http://opencontext.org/media/82ade9d7-0dd4-473d-3ca0-1068ed2705b7,Agger 9B,1970
http://opencontext.org/media/74a97686-ea23-47f1-171d-56f606166e78,Agger 9A,1970
http://opencontext.org/media/3086b0f7-5ccf-49a2-44d7-161ce84cd9d4,Agger 3,1970
http://opencontext.org/subjects/36aa7f2a-f090-43a2-b5c8-a18b16276e6b,Civitate A 24,
http://opencontext.org/subjects/8605e112-6af4-4b29-a50e-4ce4bb45801b,Civitate A85,
http://opencontext.org/subjects/2a37083a-ad28-48ce-ed5a-11f7966a51e3,Agger 2D,1970
http://opencontext.org/subjects/185f00fb-99ed-42cc-a554-b2250dac1951,Civitate A90,
http://opencontext.org/subjects/c28f16fe-f949-4cf5-b57e-700dfc8a13a5,Agger 9C,1970
http://opencontext.org/subjects/e25f27c3-cdfc-4d39-9b9a-a749a8a80f64,Civitate A 2I,
http://opencontext.org/subjects/0bd521e1-a442-48dc-c45f-4ca748597550,Civitate A 2H,
http://opencontext.org/subjects/a5e7af56-bb36-4490-2eeb-9f9ea2ae1368,Civitate A 2G,
http://opencontext.org/subjects/04d907b0-a850-4129-03fb-cbaba554171f,Civitate A 1,
http://opencontext.org/subjects/8ef7aa6f-6ce3-4b45-b488-302e52bb9615,Civitate A 2K,
http://opencontext.org/subjects/1486cef9-fb7e-48a5-1468-306c069785bd,Civitate A 2E,
http://opencontext.org/subjects/a3cdcb91-5b30-4305-eff7-1014ab258a0e,Civitate A 2C,
http://opencontext.org/subjects/e9298df1-5f47-4bc6-7086-75b9b5e0e880,Civitate A 2J,
http://opencontext.org/subjects/09ae421a-f835-4c9b-f74e-45dd9f270e9d,Civitate A 35,
http://opencontext.org/subjects/81edc6f0-153d-4881-3ae7-25e4a8e20806,Civitate A 2B,
http://opencontext.org/subjects/1b0d3e3d-14be-4951-990b-76835166281c,Civitate A 38,
http://opencontext.org/subjects/ac085185-fedb-4a4b-d077-fceac65730d0,Civitate A 40,
http://opencontext.org/subjects/4605eae5-2eb5-4a06-e1cb-63bd6d287a31,Civitate A 2A,
http://opencontext.org/documents/9824cc2b-ede4-4aa7-8d48-f201d7a568a7,Civitate A 28,1970
http://opencontext.org/subjects/9d983826-70de-48f2-a145-b33a171e8928,Civitate A 10,
http://opencontext.org/subjects/1112d05d-7d69-49ca-5f48-a2661cfc1abf,Civitate A 32,
http://opencontext.org/subjects/4b4a3281-8992-466b-576c-908df62e72ac,Civitate A 33 Extension,
http://opencontext.org/subjects/2c43f625-7da5-4a3e-d447-d9c2e279f25c,Civitate A 34,
http://opencontext.org/subjects/e1e241a7-ec4e-4a68-72d0-651c72240a5f,Civitate A 14,
http://opencontext.org/subjects/87f1c844-3a7d-45e0-2124-f69dad88e6aa,Civitate A 21,
http://opencontext.org/subjects/6f68b8c8-18cc-41dc-a148-e920c5430d93,Civitate A 22,
http://opencontext.org/subjects/78b8bb61-e9ea-4af7-c8ae-84fcaaa5b55f,Civitate A 4,
http://opencontext.org/subjects/14c19d4b-72e0-4d92-586d-2f361798fbe6,Civitate A 16,
http://opencontext.org/subjects/16536693-f66b-4427-6892-df17987d1916,Civitate A 15,
http://opencontext.org/subjects/165bc5b4-3ea7-4b17-3110-aaeab7433743,Civitate A 31,
http://opencontext.org/subjects/18329c0b-e32a-4c48-e531-3928a74dfb13,Civitate A 11,
http://opencontext.org/subjects/1c009ee5-e3ef-4ef6-9973-10c276c01855,Civitate A 25,
http://opencontext.org/subjects/25908d39-5853-4e26-685b-b645f9d78f8e,Civitate A 18,
http://opencontext.org/subjects/2c1c863a-933d-4928-c87f-735114c9cca1,Civitate A 27,
http://opencontext.org/subjects/320149ec-05dd-4ca1-8f58-718ef3132e4c,Civitate A 17,
http://opencontext.org/subjects/39176436-5226-4b26-47ec-8574abb5818b,Civitate A 12,
http://opencontext.org/subjects/5a53513f-e71b-47f2-6eaf-3dd0dab81df8,Civitate A 26,
http://opencontext.org/subjects/9d4b97f6-2e08-4c40-9a4c-0cab145cbb25,Civitate A 30,
http://opencontext.org/subjects/bd983b75-4565-49fa-dd95-8ebdc1ffd8df,Civitate A 20,
http://opencontext.org/subjects/c48ff10e-b6de-4146-2d0b-cfabf0a3e193,Civitate A 23,
http://opencontext.org/subjects/f787e0c0-cdcf-42c0-5c0e-da32c013696f,Civitate A 19,
http://opencontext.org/subjects/f8c76806-a659-4c16-e63d-fea94cb2c2f6,Civitate A 29,
http://opencontext.org/subjects/0e271881-cf82-40c0-e1ac-a2980fc81214,Civitate A 9,
http://opencontext.org/subjects/51815902-960f-4775-9287-90d8bd50bf08,Civitate A 8,
http://opencontext.org/subjects/6907d879-771f-490a-6a30-baff9fd01b48,Civitate A 5,
http://opencontext.org/subjects/a66cf7d3-5720-45f5-ca09-ba55bf6d5ffc,Civitate A 3,
http://opencontext.org/subjects/af8b999b-60d4-428f-5c2b-b63f5c727272,Civitate A 6,
http://opencontext.org/subjects/d0deec6d-d424-4243-1fef-775defc15da0,Civitate A 7,
http://opencontext.org/subjects/6e667138-a268-45ae-695c-7f0647fb767f,Civitate A 51,
http://opencontext.org/subjects/a2e0fa40-f66c-424a-fafb-7d57ed5891d5,Civitate A 52,
http://opencontext.org/subjects/44c9aeeb-5aee-48bf-2afa-2d7a1f80f587,Civitate A 50,
http://opencontext.org/subjects/123c0922-9451-44e1-a36a-f472ac1581fc,Civitate A96,
http://opencontext.org/media/181128c7-24ac-4907-a0ba-b67be6f13953,Civitate A 24,1970
http://opencontext.org/documents/091e705c-6b4f-4d70-99b6-0961502afdec,Civitate A 28,1971
http://opencontext.org/documents/c4c897ca-b88d-4a06-8534-d2ed44098140,Lower Building,1971
http://opencontext.org/subjects/eae75fe0-a422-450d-ecfa-d6e755d13cdc,Civitate B 32,
http://opencontext.org/documents/46ed217d-73a6-4e25-b9ac-07a415bf9d24,Courtyard,1972
http://opencontext.org/subjects/cb0d10d6-5fd7-48eb-2f70-1d7efa2ab8f1,Civitate B 29,
http://opencontext.org/subjects/dfb991c1-9e46-449e-543a-839ddcdb9dff,Civitate B 21,
http://opencontext.org/subjects/2196c174-d15b-428d-bb25-b375b2ce1aa6,Civitate B 57,
http://opencontext.org/documents/4ea9083c-c179-43ba-acf8-33decb31715c,Agger 10,1973
http://opencontext.org/subjects/17085bc0-4fa1-4236-6426-4861ad48b584,Civitate B 38,
http://opencontext.org/subjects/17924be4-6a53-47c1-0e6a-d9c8f840f2d9,Civitate B 27,
http://opencontext.org/subjects/e6fdc2bd-af19-4c1b-ddd6-d11cbfc0f7b1,Civitate B 39,
http://opencontext.org/documents/315f0dee-98cd-40cc-9686-2899e183b7c5,Agger 10,1975
http://opencontext.org/subjects/5ad193ff-803a-4d25-273b-f874b29af6ec,Civitate B 53,
http://opencontext.org/subjects/45c6d049-10dd-4fff-78f4-08d6d32642fc,Civitate B 55,
http://opencontext.org/subjects/525e6271-b403-495d-0956-a316f186dc65,Civitate B 54,
http://opencontext.org/subjects/ed8d8636-fd23-408a-86dc-b72ac2da068a,Civitate B61,
http://opencontext.org/subjects/4b503ad5-d1fd-486b-89d0-2b5c0d37e5ff,Civitate B62,
http://opencontext.org/subjects/125b3116-4f36-4d92-30e0-29513ef47a0c,Civitate B 23,
http://opencontext.org/subjects/3d84308c-a4d6-4f47-263f-243596729d25,Civitate B 35,
http://opencontext.org/subjects/cd3e05e0-cd2d-42f4-936b-4399af5c66d2,Civitate B58,
http://opencontext.org/subjects/00e9665a-780d-4390-cfbf-b48a970759cb,Civitate B 52,
http://opencontext.org/subjects/d5464a7b-a7b0-4d11-368c-ecf47d1b9389,Civitate B 44,
http://opencontext.org/subjects/855f361e-68d8-4bbe-5895-b351f48e8233,Civitate B 42,
http://opencontext.org/subjects/0c5f1a52-d6f4-456b-6041-4604f7c54855,Civitate B 56,
http://opencontext.org/subjects/cf217633-6fba-4002-8dec-472a8416f1dd,Civitate B59,
http://opencontext.org/subjects/cfe33cd1-b119-4d65-e2ff-8dafabeac941,Civitate B 46,
http://opencontext.org/subjects/9950174e-e880-4bef-b797-358a82f4a372,Civitate B 45,
http://opencontext.org/subjects/0f4b79c5-d28e-466d-1b6d-f16b9dde4f1e,Civitate B 40,
http://opencontext.org/subjects/7940b16c-1c48-457d-937b-98ebb5cf4980,Civitate B 48,
http://opencontext.org/subjects/8fac8645-1ea7-4c7b-60ad-5eceeb808dc2,Civitate B 36,
http://opencontext.org/subjects/bbdc297e-7ac1-4925-e775-6d1b75cc280c,Civitate B 43,
http://opencontext.org/subjects/87e9b5c3-0828-4f60-5f9a-db48ccab3cca,Civitate B 50,
http://opencontext.org/subjects/58fcc816-ff23-4890-06f6-db80719bff31,Civitate B 34,
http://opencontext.org/subjects/ccaa1707-e736-4cc6-d2f7-f6de62998fd4,Civitate B 47,
http://opencontext.org/subjects/c26457da-4b00-484e-f27e-85f2a2e88314,Civitate B 49,
http://opencontext.org/subjects/dfa0ab59-9398-46b7-3955-5da0439dfed9,Civitate B 37,
http://opencontext.org/subjects/e94e6618-a7fc-4aff-d004-69eeb3e8089a,Civitate B 33,
http://opencontext.org/subjects/221f94cc-1031-400e-a583-2e9b2bb18104,Civitate B63,
http://opencontext.org/subjects/500ec0ee-1078-4be4-762d-3c66fcf853c2,Civitate B 51,
http://opencontext.org/subjects/6d6da14b-cde3-4a36-650d-a80a611c0689,Civitate B 41,
http://opencontext.org/subjects/ecba8803-74d2-40ac-a63a-54ee3dce5d2c,Civitate B60,
http://opencontext.org/subjects/af4264d9-c414-4b82-555e-231542b8a4a3,Civitate B 26,
http://opencontext.org/subjects/e8bdb401-722d-45d4-dc6d-52a041bb1c35,Civitate B 31,
http://opencontext.org/subjects/137686a5-baf3-466d-4675-790c883053b5,Civitate B 15,
http://opencontext.org/subjects/c4449e3c-5ca2-4f24-ed9d-ad28aa10ce41,Civitate B 30,
http://opencontext.org/subjects/37738ca9-1d96-4396-efe8-625129736d23,Civitate B 22,
http://opencontext.org/subjects/5c1d058d-2d7e-4198-ecf0-96b0676662f5,Civitate B 20,
http://opencontext.org/subjects/fd8d7a1b-9119-4a3d-bc57-8024adeb2b4d,Civitate B 25,
http://opencontext.org/subjects/15272852-7875-4598-31e3-5cc72a5addbd,Civitate B 28,
http://opencontext.org/subjects/0cde01b7-90a2-4c88-741d-f9ae20c6b6eb,Civitate B 13,
http://opencontext.org/subjects/64b1ff2c-520b-491e-b0df-3c2ee9cca75f,Civitate B 18,
http://opencontext.org/subjects/83ea86ad-c217-408f-ec26-4bb20866974e,Civitate B 12,
http://opencontext.org/subjects/b1b80e63-30bd-45f3-ffd5-8163d7008fdb,Civitate B 16,
http://opencontext.org/subjects/b27df835-1f2f-419f-bed1-c0e32db0eefa,Civitate B 14,
http://opencontext.org/subjects/d74cb9de-01f6-4ccd-18fa-898e362231ae,Civitate B 19,
http://opencontext.org/subjects/d9ec87ee-81ba-4651-0c04-3633b375cacd,Civitate B 11,
http://opencontext.org/subjects/eb108096-8584-4462-1863-a16441ebc350,Civitate B 10,
http://opencontext.org/subjects/23976789-640b-4b25-98f7-39cdefc0cd58,Civitate B 7,
http://opencontext.org/subjects/2abe235a-d5a2-48c9-47e9-f080253a38e7,Civitate B 9,
http://opencontext.org/subjects/3e397448-dfcb-4fe1-9d96-2ffa9e4e13cf,Civitate B 1,
http://opencontext.org/subjects/42e58d4c-c00b-4053-e292-7a204cc224e0,Civitate B 2,
http://opencontext.org/subjects/451f3511-e9cd-4f92-9b46-6bbc6a6aa0f6,Civitate B 3,
http://opencontext.org/subjects/59bb6136-9ff0-431c-41f7-eede1fb456f3,Civitate B 5,
http://opencontext.org/subjects/63dff9a7-f734-4d8c-4007-60dc45b33755,Civitate B 8,
http://opencontext.org/subjects/b1acc8ac-b2b0-43f3-feb7-035cde6bbffa,Civitate B 6,
http://opencontext.org/subjects/b4df8cd4-ba19-44b9-55ea-0acd0b2df3a6,Civitate B 4,
http://opencontext.org/subjects/943d9a4e-bcd1-48cc-04a4-de14ef85ad08,Civitate B,
http://opencontext.org/subjects/2a920d80-2384-4f1a-49ca-fd442d759dac,Civitate B Exploratory,
http://opencontext.org/subjects/0afb3f82-681f-44a0-0a08-79429e2b716b,Civitate B 17,
http://opencontext.org/subjects/a5de909c-7042-4dc2-933f-82a0a7896cf2,Civitate B 24,
http://opencontext.org/subjects/18e8536c-adac-44d3-8fce-87f7af56ec59,,
http://opencontext.org/subjects/d817ff42-6f96-4894-b014-3cc5459b4447,Civitate B65,
http://opencontext.org/subjects/8db613b1-9160-4a26-1f84-ef45c8403e0a,Civitate C 6,
http://opencontext.org/subjects/3f761187-d0a8-40cd-358e-2f7db01dba47,Civitate C 7,
http://opencontext.org/subjects/10aee2e8-ffb6-4cd7-a7e4-8434bd2a7287,Civitate C 7 Extension,
http://opencontext.org/subjects/282a6231-1fda-4dd2-9e9b-ba5f25bc7e37,Civitate C 9,
http://opencontext.org/subjects/18dd4edd-cf3f-4829-a003-87afa4ed6742,Civitate C 8,
http://opencontext.org/documents/044e560d-686e-4745-91ec-727df173af68,North Terrace 2,1978
http://opencontext.org/subjects/843b05f2-7df7-4ee2-efa3-bffe76dc5d37,Civitate C 3,
http://opencontext.org/subjects/8b6e73d8-6612-4fef-acf2-ac4b575cd498,Civitate C 1,
http://opencontext.org/subjects/9042e3b9-e91c-4c6a-c3c4-73606da10037,Civitate C 4,
http://opencontext.org/subjects/eb0572da-3854-4e08-e0cc-7f2541591343,Civitate C 2,
http://opencontext.org/subjects/f92bb3eb-b97a-402a-2244-d633e6331910,Civitate C 5,
http://opencontext.org/subjects/7ed5f43a-26d2-4cee-6a90-f302c77b9588,Civitate C 1B,
http://opencontext.org/subjects/c18bd183-ff8f-40a7-0d51-b4d06bee723c,Civitate C 1A,
http://opencontext.org/subjects/381caeaa-235f-469d-160e-a03bb9b334f7,,
http://opencontext.org/subjects/cc05a3f1-8098-41a8-8110-a601d3e4a53d,North Terrace 1,1978
http://opencontext.org/subjects/0d24da34-1ace-4ea7-1a08-864c3771d57a,Civitate D 7,
http://opencontext.org/subjects/c7eac347-78b3-4fc2-16e2-561acba7d836,Civitate D 9,
http://opencontext.org/subjects/fb0c00c0-f040-42e3-2ef0-3c73aee34305,Civitate D 8,
http://opencontext.org/subjects/002c4f44-2c69-4135-01a6-e02d381f99a4,Civitate D 4,
http://opencontext.org/media/d4769573-b882-4d95-c46d-9f4fe89dd790,Agger 11,1979
http://opencontext.org/media/54bfc79d-6e0f-4372-cbb4-f688fe980289,Agger 11 Extension,1979
http://opencontext.org/documents/9601bf6a-4d80-4cbc-bd2d-a64ba1153489,Civitate D 1,1979
http://opencontext.org/subjects/98bc67d5-770b-4c37-3950-a33170eb3a4f,Civitate D 11C,
http://opencontext.org/documents/a3735d1d-8e0f-425d-9dde-a80eed4534ac,Civitate D 4,1979
http://opencontext.org/subjects/053ea1b5-2043-40dc-0c11-3c6434a57664,Civitate D 2,1979
http://opencontext.org/subjects/7cf7d7eb-d71c-45dc-82ea-921cde5640b1,Civitate D 12,
http://opencontext.org/subjects/f6b4b592-664a-47a0-a5b8-f77ef4a48149,Civitate D 13A,
http://opencontext.org/subjects/4b85886b-03e4-48fe-41ab-d55457c5e3a9,"Civitate D 14A, B, C",
http://opencontext.org/subjects/d55f05fe-7ebb-40d8-b39e-1ec5d83be1da,Civitate D 6,
http://opencontext.org/subjects/9b688358-00f8-4091-e5d2-b2e0ab25adbc,Civitate D 13,
http://opencontext.org/subjects/9d2fd065-fa0f-4da3-21fe-a2d3ca02e320,Civitate D 11,
http://opencontext.org/subjects/9054684c-c14f-4404-b9f2-9a4fc3082af1,Civitate D 1,
http://opencontext.org/subjects/0bba0905-bc1b-4c0f-751b-09b3ba87a221,Civitate D 2,
http://opencontext.org/subjects/e405152c-1036-49ae-0a8b-a621b66ec7ab,Civitate D 11B,
http://opencontext.org/subjects/dbbb47ff-c6bd-45cd-9709-f442c588b862,Civitate D 5,
http://opencontext.org/subjects/e90a3f79-3229-4742-e733-a443e69977ac,Civitate D 3,
http://opencontext.org/subjects/08e3a47c-1dfe-493f-8453-dcff1618decf,Civitate D 10,
http://opencontext.org/subjects/eca6f5b6-cc2c-48e8-a584-e196cbe54e4e,,
http://opencontext.org/subjects/cf806e3a-25c9-424f-e090-672a445957dc,Civitatine B1,
http://opencontext.org/subjects/1fbd6022-b9a2-4c4e-41b4-349de265509c,,
http://opencontext.org/subjects/97b3fb48-cf5e-4d97-6fc7-e6213bae2ce7,Courtyard,
http://opencontext.org/subjects/b231a5d0-e245-4746-8901-18565ceeb5f2,,
http://opencontext.org/subjects/7cfd5524-2b03-412c-7569-4ae00666b95c,East Terrace 1,
http://opencontext.org/subjects/7fdabd47-f30f-4602-b8f5-d4093e21dd17,,
http://opencontext.org/documents/e09b9b17-221e-45c8-a52a-2f2126bd9254,Agger 11,1980
http://opencontext.org/subjects/73645e2f-c5d5-4655-f2ed-cd225c1aa221,Lower Building,
http://opencontext.org/subjects/8ce90f75-6e64-42ca-9891-76d86ecdc23a,,
http://opencontext.org/documents/7cdbc61f-b84f-4558-9ca6-0cbdd19498f5,Agger 11 Extension,1980
http://opencontext.org/subjects/d52db4f8-5b3c-4cb4-6f15-a8fd5077a51e,N-A,
http://opencontext.org/subjects/1a9cb6ed-9ec5-4dc4-e2df-f46eb65d8aa1,,
http://opencontext.org/subjects/83ced25b-c03d-4f76-507b-adcb151775e5,North Terrace 2,
http://opencontext.org/subjects/9b6eb7fc-0506-4f28-22a5-d8c725e7c8a7,North Terrace 3,
http://opencontext.org/subjects/02e6eefa-f1ce-4584-752d-44175c50626c,North Terrace 1,
http://opencontext.org/subjects/049b8866-8a07-4515-f59c-45d710ee1a32,,
http://opencontext.org/subjects/3f77b349-231a-41ae-91b9-0ae0d913dc07,Poggio Aguzzo 1,
http://opencontext.org/subjects/c7c9efbf-0136-42b9-2132-221fa5ea2f2a,,
http://opencontext.org/documents/3280abde-f8c0-4141-9719-2a8d7300a4f2,Civitate A 32,1988
http://opencontext.org/documents/3be1ed27-1dff-45e8-9648-420f3f22121a,Civitate B 22,1988
http://opencontext.org/documents/1d6bfd5c-a68b-4332-99eb-10757a3c1725,Civitate B 21,1988
http://opencontext.org/media/f1d561bb-abf8-4c2b-b29c-f985e2c3d01a,Civitate B 20,1988
http://opencontext.org/documents/ebbcb6c5-8049-4e79-8281-a7b326318561,East Terrace 1,1988
http://opencontext.org/documents/80d076fe-501b-49e1-b45d-bd3080320970,North Terrace 3,1988
http://opencontext.org/documents/25d3d216-3879-4e03-9fb3-f4bd923690ff,Civitate B 23,1989
http://opencontext.org/documents/5eb53e6a-c445-4512-9e0d-f6fd1ba6eb5c,Civitate D 5,1989
http://opencontext.org/documents/6f54cd91-b1b5-4571-bce3-804563e2aeb8,Civitate D 6,1989
http://opencontext.org/documents/0119b626-e175-46c2-9866-9ab35954780d,Civitate A 33,1990
http://opencontext.org/documents/fef5922c-59fa-4924-8346-e8c331257183,Civitate A 33 Extension,1990
http://opencontext.org/media/aac81cfa-816c-4837-41cd-84b04642c4a1,Civitate A 34,1990
http://opencontext.org/subjects/d35e7b13-50aa-4614-6ded-fba3e20b6ca5,Civitate A 35,1990
http://opencontext.org/documents/94d0100d-4f7a-4707-8fbe-a6e7402af274,Civitate B 26,1990
http://opencontext.org/subjects/7cc56fda-bc8d-4c6d-ddcb-3893cc5020ef,Civitate B 25,1990
http://opencontext.org/documents/b20125dc-6b79-475d-bed0-144759be5635,Civitate A 36,1991
http://opencontext.org/documents/3925cb25-2522-4666-86d7-63347de0bd44,Civitate A 37,1991
http://opencontext.org/documents/75ff7906-d110-4fd5-93db-16dfb3c7da7e,Civitate A 33,1991
http://opencontext.org/documents/fdba3076-d2e0-49b2-8991-e0c2a4e4cb04,Civitate A 38,1991
http://opencontext.org/documents/9a2c63f2-a4d7-4e92-8d89-eccb2d6cc417,Civitate A 39,1991
http://opencontext.org/documents/b8c31891-db52-423d-bc2e-beaf379732fd,Civitate A 33,1992
http://opencontext.org/media/e2d8e149-e581-40ed-4515-ca2f2a7b6bba,Civitate A 40,1992
http://opencontext.org/documents/13f70d77-6b66-4cc3-9701-7610f708e637,Civitate B 27,1992
http://opencontext.org/documents/f45494b3-0b8b-4d43-aa6f-6062e5a38cae,Civitate A 36,1993
http://opencontext.org/documents/2b95077e-00ee-436f-b303-1fb27216dc24,Civitate A 37,1993
http://opencontext.org/documents/30d4b098-94c8-4741-bb51-fc9cb73286cf,Civitate B 29,1993
http://opencontext.org/documents/c7a5b42f-3f19-4368-8d67-18d272a2d968,Civitate B 27,1993
http://opencontext.org/media/9c64e6da-ef8d-410e-2e9b-d5bdae0ad70f,Civitate B 28,1993
http://opencontext.org/subjects/59d0594d-cae6-434c-0036-e11e7227a88e,Civitate A 36,1994
http://opencontext.org/documents/5c45476e-18fd-4997-8876-9a400efffd27,Civitate A 33,1995
http://opencontext.org/documents/601eb435-50e4-4d66-a230-c342e49c83c0,Civitate B 30,1996
http://opencontext.org/documents/f5c86963-8cff-42e5-b5f2-4cec437f9eb5,Civitate B 32,1996
http://opencontext.org/documents/0811bc62-ae31-4146-894d-5b26db448f38,Civitate D 7,1996
http://opencontext.org/documents/48fbe43f-9f5c-4cfa-96d8-2fb794592ec7,Civitate D 8,1996
http://opencontext.org/documents/24831cc5-2a3d-49b4-8b85-481f8571ad3c,Agger 9 Extension,1997
http://opencontext.org/documents/cc361689-192f-4316-bd53-cbae73a36797,Civitate A 41,1997
http://opencontext.org/documents/720096e5-d070-4c18-9fba-7a0aa38f1459,Civitate A 42,1997
http://opencontext.org/documents/92e0c937-b942-487b-8bcd-0d74f6450978,Agger 9 Extension,1998
http://opencontext.org/documents/94ade8d9-b8d7-4744-9057-f090b98e1609,Civitate A 42N,1998
http://opencontext.org/documents/3cebf2b6-f04d-4633-8209-167f29de3f31,Civitate A 42,1998
http://opencontext.org/documents/c48b2782-7d3e-4fc7-997f-9aeebb409961,Civitate A 49,1998
http://opencontext.org/documents/67e916bd-ebb7-4de3-a09f-44b624250f96,Civitate A 48,1998
http://opencontext.org/documents/3050ec43-e279-43e6-927b-2280e4c8a04a,Agger 9 Southern Extension,1999
http://opencontext.org/documents/313dcfa5-93c4-47d1-85ee-12a5a195169b,Civitate A 42,1999
http://opencontext.org/documents/417e4960-e1a1-4fe1-8493-7a62f338118e,Civitate A 45,2000
http://opencontext.org/documents/f0dd42cd-414d-4143-8b76-347c6c4e1e34,Civitate A 44,2000
http://opencontext.org/documents/be8c0fce-27d1-4208-8368-7a13c35c6268,Civitate A 47,2000
http://opencontext.org/documents/5df636cc-e417-4858-90c1-599115f722e2,Civitate A 43,2000
http://opencontext.org/documents/b6f8dc3f-a6aa-4433-b893-ccaff0a77704,Civitate A 46,2000
http://opencontext.org/documents/09e17e67-9d67-4c02-8e74-75b57a88223a,Civitate A 48,2001
http://opencontext.org/documents/cf71c583-56a8-471c-ae31-cda810f65b91,Civitate B 32,2001
http://opencontext.org/documents/a25c5708-cf2f-4bcd-a55b-168091317455,Civitate D 9,2001
http://opencontext.org/documents/bdbac961-9bcc-456a-8743-d235b89cd0c2,Civitate A 54,2003
http://opencontext.org/media/92ca118e-8993-4779-a8fa-c56e2f03e22f,Civitate A 52,2003
http://opencontext.org/media/47dfd6dc-0cd7-44b4-74f8-e96c5b5f80e9,Civitate D 10,2003
http://opencontext.org/documents/b853d177-b9c7-4a94-bc62-ba210ec30ea3,Civitate B 34,2005
http://opencontext.org/documents/3416bad0-7017-4553-80d6-cffc97266a34,Civitate B 33,2005
http://opencontext.org/documents/1cb01e71-a685-47c1-bd0d-29ab18378e6a,Civitate D 11,2005
http://opencontext.org/documents/5ea7f5bb-9afc-46dc-8b6d-0317a8243dcf,Civitate D 12,2005
http://opencontext.org/documents/d2fbed48-9b4f-468d-bba3-f1ea1c5421ac,Civitate D 13,2005
http://opencontext.org/documents/7be2cdd2-0479-4597-b0b7-6d45d163c249,"Civitate D 14A, B, C",2005
http://opencontext.org/documents/0b9fd9d2-697f-4447-9e75-19018d62d5ea,Civitate D 11C,2005
http://opencontext.org/documents/3b894621-6978-418e-90a2-8d0ca0a7e7b4,Civitate D 13A,2005
http://opencontext.org/documents/ccfe0b95-2a35-41b1-ae46-302768d3d9cb,Civitate A 60,2007
http://opencontext.org/documents/6db16fbe-7ccc-4779-82cf-998337cc3282,Civitate A 56,2007
http://opencontext.org/documents/0325bb8b-2357-4f2d-ac03-ea90f3d43b48,Civitate A 55,2007
http://opencontext.org/documents/2fbe7a7a-2f77-4eb3-88dd-df81da6e4d1f,Civitate A 57,2007
http://opencontext.org/documents/540ef757-4db5-448e-8cef-6e6fdeebc21c,Civitate A 58,2007
http://opencontext.org/documents/2b2f4cd6-bbad-4d43-9745-447b68ea32e7,Civitate A 59,2007
http://opencontext.org/documents/a8252322-f200-4876-8c57-cd838cf98b3d,Civitate C 7,2007
http://opencontext.org/documents/d68aff3f-ddc7-42a3-85b2-29efe1362ec2,Civitate C 8,2007
http://opencontext.org/documents/2f4c5479-c1a3-4946-bf6d-13f06026ebf8,Civitate C 7 Extension,2008
http://opencontext.org/documents/bd22b5bb-30f9-4e24-af59-e48bdbfaefac,Civitate C 9,2008
http://opencontext.org/documents/e78efdb6-807d-451a-8efd-270356462235,Tesoro South Flank 4,2008
http://opencontext.org/documents/a13dc7ce-8a37-493a-bea6-216e911f5794,Tesoro South Flank 2,2008
http://opencontext.org/subjects/4bc62d10-69d8-49db-2ca9-7c3dfd74e0c8,Tesoro 32,
http://opencontext.org/documents/4e9b9d8a-d3fa-42b4-bfab-6ce9c5bcf600,Tesoro South Flank 3,2008
http://opencontext.org/documents/24f5b0fc-18b8-47fd-9237-1ae7a171cc1b,Tesoro South Flank 5,2008
http://opencontext.org/documents/6e5a7440-09cb-4717-a77d-bdbba9186c4b,Civitate A 62,2009
http://opencontext.org/documents/b3dca7de-a347-4313-969a-8ab99dc65ef4,Civitate A 61,2009
http://opencontext.org/documents/0e32114a-6350-427d-93b5-d90ec7b98625,Civitate C 7,2009
http://opencontext.org/documents/95c9983e-4e78-4964-b3fb-dbe2575e2406,Civitate A 64,2010
http://opencontext.org/documents/e333dbeb-5f16-4e50-97c4-6f6626e1a7a2,Civitate A 65,2010
http://opencontext.org/documents/49f02b39-419c-4bcf-8d91-836da7b07690,Civitate A 68,2010
http://opencontext.org/documents/0a791075-336d-4545-9eff-c2bd6e8b4069,Civitate A 69,2010
http://opencontext.org/documents/091b6c3e-ac35-4ab7-98df-ab0bbfb0d164,Civitate A 66,2010
http://opencontext.org/documents/abe0c1cb-d7ac-4bf4-b12a-1be85597d51b,Civitate A 67,2010
http://opencontext.org/documents/2e4cc99d-6e49-458f-8eaa-b92b8742b1ae,Civitate A 63,2010
http://opencontext.org/documents/81baff91-4adb-4217-9ab2-67011782e38b,Civitate B 35,2010
http://opencontext.org/documents/2e23a6f9-716c-4608-85b8-e47adc5dd731,Civitate B 38,2010
http://opencontext.org/documents/d2623d4f-e4c8-47cd-8adb-dbd6561f3e3f,Civitate B 39,2010
http://opencontext.org/documents/a9501e28-8dff-45f2-98c7-5bb38f03eb5d,Civitate B 37,2010
http://opencontext.org/documents/1a1fa9d9-e820-43d3-a4df-57fe89ca9150,Civitate B 40,2010
http://opencontext.org/documents/e772b8b9-bec4-42f2-bd15-6fce79739692,Civitate B 41,2010
http://opencontext.org/documents/9b7f4901-be85-4df2-a694-6b9141bc2af3,Civitate B 36,2010
http://opencontext.org/documents/990ced2d-71b0-4607-af1d-4a7e6be4bf6c,Civitate B 38,2011
http://opencontext.org/documents/ba30693d-f0bd-4195-a0f9-4069e761767a,Civitate B 45,2011
http://opencontext.org/documents/a111e558-bd77-44a9-806d-07ad84f91569,Civitate B 47,2011
http://opencontext.org/documents/9f092884-6fe4-499f-bc4e-68828377fe77,Civitate B 46,2011
http://opencontext.org/documents/21854585-0b66-4a44-b22d-fce09a6b5deb,Civitate B 44,2011
http://opencontext.org/documents/5dac3804-ea52-45fe-9a5b-76974c7126de,Civitate B 48,2011
http://opencontext.org/documents/a8dff680-dd3b-4787-9d08-e029c7d82336,Civitate B 43,2011
http://opencontext.org/documents/cb8d0e1b-d706-4b08-9f44-f29c8b76e5cf,Civitate B 51,2011
http://opencontext.org/documents/8806293c-bcab-4716-8896-157ec2f8b466,Civitate B 42,2011
http://opencontext.org/media/ed9c65cb-1bf0-4198-023c-eb5a71a9de28,Civitate B 39,2011
http://opencontext.org/documents/100d13b1-fa22-4995-b658-a19efbd0fd00,Civitate B 50,2011
http://opencontext.org/documents/be32d43a-5083-4357-b465-e2c5635ddb91,Civitate B 49,2011
http://opencontext.org/documents/37af44a2-bfd6-41c6-b96d-391815e8cf4c,Civitate A 70,2012
http://opencontext.org/documents/3749b9a3-341e-405d-9f8d-32afd6f6229a,Civitate A72,2012
http://opencontext.org/documents/81c61296-30c9-4a39-9e22-d9a832f7c3a7,Civitate A73,2012
http://opencontext.org/documents/9655189e-03b1-433d-818a-542fe9871581,Civitate A74,2012
http://opencontext.org/documents/f9f8fb89-f760-45e5-a6c2-6bd2cee434bc,Civitate A71,2012
http://opencontext.org/documents/508e3047-3b3b-45cb-b0d6-aae18081fc9a,Civitate A75,2012
http://opencontext.org/documents/742d7ca5-3e33-4ca9-ae01-ed354518617d,Civitate B 54,2012
http://opencontext.org/documents/5d2463dc-3422-4007-b307-7a7b97cd7d57,Civitate B 55,2012
http://opencontext.org/documents/0a599c70-cbdd-4be7-9609-7b2f7ed5fd1d,Civitate B59,2012
http://opencontext.org/documents/df0c5481-8ed7-435c-b0bd-bf4b0a40cd85,Civitate B 57,2012
http://opencontext.org/documents/2c95bb27-97bc-4ff7-9769-21c002a92bf0,Civitate B60,2012
http://opencontext.org/documents/8b25d8a4-634c-44e3-b850-ae4f50fcc793,Civitate B 52,2012
http://opencontext.org/documents/eb3e36c0-f5db-4ba6-b238-4317f30451be,Civitate B 53,2012
http://opencontext.org/documents/1ee6c3b2-186c-409a-b59d-e75c50c31a1e,Civitate B58,2012
http://opencontext.org/documents/4b3c5ea4-3488-47dd-8c98-9e6e4e15ed29,Civitate B 56,2012
http://opencontext.org/documents/df7999cc-5838-4bd6-91ca-c3720b6cf640,Civitate A78,2013
http://opencontext.org/documents/cd55e274-ae6c-4715-8004-835d3a13a4ca,Civitate A72,2013
http://opencontext.org/documents/2f590cc4-103c-4f4f-9a99-b44872fe50cd,Civitate A83,2013
http://opencontext.org/documents/a1f77e28-c517-4d98-8f96-9073edeaf5cd,Civitate A 70,2013
http://opencontext.org/documents/ab70c860-76b0-43d0-823f-e92a7ac337f3,Civitate A76,2013
http://opencontext.org/documents/4b9437e2-4e08-4803-a09b-d27363686765,Civitate A79,2013
http://opencontext.org/documents/eaefa1c6-cbbf-44e2-bd41-9ab03f1f83c4,Civitate A81,2013
http://opencontext.org/documents/a8eebf79-2939-4ff0-b692-783c8142c2d8,Civitate A82,2013
http://opencontext.org/documents/32a2ca90-7ce8-4aa7-8490-9e8fedfe2469,Civitate A84,2013
http://opencontext.org/documents/f557c2db-6c37-426d-bfa9-2a0bd769be07,Civitate A73,2013
http://opencontext.org/documents/144a23ee-b119-4ad4-bf03-77e480e0a886,Civitate A77,2013
http://opencontext.org/media/50b4a561-223e-4435-97e5-d88edc878769,Civitate A80,2013
http://opencontext.org/documents/3ff63085-3a93-4d2b-bb00-88929c6cbc46,Civitate B61,2016
http://opencontext.org/documents/32c60c93-aa00-46b8-a250-68e093f49a45,Civitate B62,2016
http://opencontext.org/documents/8d187215-e9ec-4034-bc8a-c0261fb720a0,Civitate A89,2017
http://opencontext.org/documents/5a7d66b3-6a21-4b2b-ac27-dea87f5848d9,Civitate A88,2017
http://opencontext.org/documents/1ef8a251-1354-4b92-98b0-c46f953d092c,Civitate A87,2017
http://opencontext.org/documents/f22e8898-8367-4179-9d80-62a0a0d59a50,Civitate A86,2017
http://opencontext.org/documents/25f0fb80-2c69-4123-bf51-e55f3457b8a6,Civitate A85,2017
http://opencontext.org/documents/a9acb1c2-544b-43cb-a269-fe89453bf382,Civitate B63,2017
http://opencontext.org/subjects/aab28e39-cebe-455c-f495-cf7b408971fe,Tesoro North Flank 1,
http://opencontext.org/subjects/61284146-5d47-4783-7aa0-d7a1ad0e8516,Tesoro North Flank 2,
http://opencontext.org/subjects/53e820b3-ddf3-437f-b4be-9dc341dfd1a1,,
http://opencontext.org/subjects/f81f3432-2a5c-40e4-ce78-b40e4be7a3f7,Tesoro Rectangle 8,
http://opencontext.org/subjects/da4069d8-c7d9-45a2-bd28-8a8ee63dad5f,Civitate B65,2018
http://opencontext.org/subjects/42a76947-22b6-4ac1-c96b-46a543a98dfc,Tesoro Rectangle 2,
http://opencontext.org/subjects/39e93c14-2dfe-4ff4-bcec-7a4f30de064a,"Tesoro Rectangle 6,7 Doorway",
http://opencontext.org/documents/2dbda5c3-347b-4564-95cd-323cf3aea0fb,Civitate A92,2022
http://opencontext.org/documents/b4ed4510-f6cf-4b38-aaea-4d2c136c4c57,Civitate A91,2022
http://opencontext.org/documents/e911d2b1-898b-413b-8e8e-d45271bca34d,Civitate A90,2022
http://opencontext.org/subjects/82001ecc-766e-4b9f-2fb0-af5f30722583,Tesoro Rectangle 13,
http://opencontext.org/subjects/bfa79728-c24a-431d-94a4-ea96fbcd266a,Tesoro Rectangle 5,
http://opencontext.org/subjects/1427ab95-f567-4a47-630b-094e82651a49,Tesoro Rectangle 9,
http://opencontext.org/media/0f6c907d-c115-39fc-26ee-6ff373e69be5,Civitate A93,2023
http://opencontext.org/subjects/b07d574d-336e-4fc5-b9be-59136145193d,Tesoro Rectangle 12,
http://opencontext.org/media/e8b48bb7-0c44-76df-99fa-6ee45b8cbfab,Civitate A94,2023
http://opencontext.org/media/82b83520-4113-ebca-f34e-2fdf1e632f75,Civitate A95,2023
http://opencontext.org/subjects/d0825b7b-9b4f-49f4-a455-88d951c8fade,Tesoro Rectangle 18,
http://opencontext.org/subjects/b91809da-a28d-438b-f735-636d941825e1,Tesoro Rectangle 7,
http://opencontext.org/subjects/32b61533-be8c-481d-cfd9-31c7aa2db5b0,Tesoro Rectangle 22,
http://opencontext.org/subjects/b9276437-4e36-4e08-2d09-7faa0ae7b7d2,Tesoro Rectangle 6,
http://opencontext.org/subjects/5e978f37-6ff0-4e05-7d7e-62b5ab2c918f,Tesoro Rectangle 10,
http://opencontext.org/subjects/e31abf39-8a5c-4ac3-c0de-accd8e741502,Tesoro Rectangle 1,
http://opencontext.org/subjects/7c536c68-d9b1-4b34-01e9-b8187e757580,Tesoro Rectangle 11,
http://opencontext.org/subjects/77c6db2d-1731-4adf-d2e6-0957f7c5f340,Tesoro Rectangle 6-11 West Wall,
http://opencontext.org/subjects/c7642f73-7027-4294-575e-b647e1f4486d,,
http://opencontext.org/subjects/0304014c-068b-4174-d85a-720dcc49aa29,Tesoro Rectangle 15,
http://opencontext.org/subjects/6bfa194e-f589-4fd2-de28-4cc95b1402f2,Tesoro Rectangle 14,
http://opencontext.org/subjects/dcd9eb3e-d1bd-4d46-e4eb-6adecc95dae5,Tesoro Rectangle 16,
http://opencontext.org/subjects/1dc812f8-6bd8-41a0-30c7-85feca5d221f,Tesoro Rectangle 3,
http://opencontext.org/subjects/7d5e74bd-8c4c-4b10-8b07-394670950942,Tesoro Rectangle 19,
http://opencontext.org/subjects/81794500-a7a0-40b9-274c-d1a7950a9764,Tesoro Rectangle 4,
http://opencontext.org/subjects/beb0cca7-2646-46e3-c386-7fe75483381c,Tesoro Rectangle 21,
http://opencontext.org/subjects/cc6782f0-09d7-4e5f-d3b7-3fc92636e438,Tesoro Rectangle 20,
http://opencontext.org/subjects/78bb679e-20f6-499c-c274-16bb6a3cd53d,Tesoro South Flank 0,
http://opencontext.org/subjects/847268d2-b10f-4cbb-ffec-577630572c9c,"Tesoro South Flank, Extension I 0",
http://opencontext.org/subjects/736422cb-0786-43ec-c243-85e7cb2c7315,Tesoro South Flank 2,
http://opencontext.org/subjects/03c2f519-5258-4880-c762-42673862ad9e,Tesoro South Flank 4,
http://opencontext.org/subjects/67b642b7-c0ac-4ed7-fd60-4dc7e54861c5,Tesoro South Flank 3,
http://opencontext.org/subjects/751b3f35-088b-46b2-71e7-a555d058491d,Tesoro South Flank 5,
http://opencontext.org/subjects/b141d9a8-40c6-4416-a3a5-3b3f8ac33150,,
http://opencontext.org/subjects/d68ce259-7e7b-4ae4-590a-4e5ea96265fc,Tesoro South Terrace 1,
http://opencontext.org/subjects/2993645f-d3db-40d4-d215-552c8d8aed51,,
http://opencontext.org/subjects/0724c4d2-6628-4488-b347-ce2adbac3847,Unrecorded,know
http://opencontext.org/media/51515e27-9a7e-40c9-2e5c-c1b908b67001,N-A,Tr-I
http://opencontext.org/subjects/c5e19fdf-6a88-476d-4eb1-26046f73809e,Unrecorded,
http://opencontext.org/subjects/76e0e115-b033-43d9-a7ed-ab65ea36963e,,http://opencontext.org/media/9710e21c-b71d-4ed1-be52-cec0b2fd9009,Tesoro 1,1966
http://opencontext.org/subjects/f1360278-6001-43df-f344-b11a536af061,Tesoro 1,
http://opencontext.org/documents/ea7bd29b-a2ab-4651-bcca-48f131c03206,Tesoro 1 Sub 1,1968
http://opencontext.org/subjects/34f012fe-a6b2-4a95-06c4-8ac5dd990f82,Tesoro 1 Sub 1,
http://opencontext.org/subjects/f7ecf0eb-a9c8-4f2c-f901-7484c03ac4c4,Tesoro 1 Test 1,1966
http://opencontext.org/subjects/9639b69c-f887-446b-4108-88ae018a5d09,Tesoro 1 Test 1,
http://opencontext.org/subjects/43c66e72-212a-4d22-5876-f45c467b32e9,Tesoro 1 Test 2,http
http://opencontext.org/subjects/06719318-3696-41cc-a22c-11651d99a557,Tesoro 1 Test 3,http
http://opencontext.org/documents/d660d29b-c7ef-494f-9fd1-a9b908868cb7,Tesoro 1 Test 4,1966
http://opencontext.org/subjects/1e4c1934-f7f3-40e4-04ca-53fc2c50e193,Tesoro 1 Test 4,
http://opencontext.org/documents/c3e09198-72eb-41c4-9b5f-99f28cc7144b,Tesoro 1 Test 6,1968
http://opencontext.org/subjects/ba45abc5-b26e-422a-41a5-b4dc1d7a8752,Tesoro 1 Test 6,
http://opencontext.org/media/0a96b889-b5b7-48a2-7b54-8613fbe34575,Tesoro 1 Test 7,1968
http://opencontext.org/subjects/514fad69-8d83-43e2-5114-310e9aad52d2,Tesoro 1 Test 7,
http://opencontext.org/subjects/945a7dc4-582c-4e47-7b26-c4fecabf8084,Tesoro 1 Test 8,http
http://opencontext.org/documents/d41b35a7-8983-4c9a-a482-04a8127d5cc8,Tesoro 1 Test 9,1968
http://opencontext.org/subjects/199e7140-260e-4ab0-f8fc-7c604f8e35ee,Tesoro 1 Test 9,
http://opencontext.org/media/d04557e8-138d-4428-de5f-1172aa1c4439,Tesoro 10,1969
http://opencontext.org/subjects/9ff8641d-c19b-4dfb-4de9-65300b0af24f,Tesoro 10,
http://opencontext.org/documents/7227c029-e202-42ed-a786-844bc0e42edb,Tesoro 100,2022
http://opencontext.org/subjects/47b9743b-1ed5-4810-a2f8-1575ba1eb06b,Tesoro 100,
http://opencontext.org/documents/d6a6080c-625d-4263-8bea-d20c19a0ee8a,Tesoro 101,2022
http://opencontext.org/media/1413f360-2ce2-47a8-b232-1bb3c372f7e5,Tesoro 101,2023
http://opencontext.org/subjects/05a29ae3-b3e9-4101-aeb5-85db9ceb5b8c,Tesoro 101,
http://opencontext.org/documents/2b3b3874-f6eb-4a4a-9e99-c049878b4998,Tesoro 102,2023
http://opencontext.org/documents/763b203b-c37c-4076-a12e-845cc9fb02ad,Tesoro 102,2022
http://opencontext.org/subjects/de9450e8-3aaf-4aec-a2f6-9b0758e8f0d5,Tesoro 102,
http://opencontext.org/documents/a1f3ce83-c131-46a7-9ca9-2a5382f52423,Tesoro 103,2023
http://opencontext.org/subjects/d514bacf-3fc3-4a90-97d0-b125b9470038,Tesoro 103,
http://opencontext.org/media/8c790781-0e87-8a63-4671-edd00d98bf3b,Tesoro 104,2023
http://opencontext.org/subjects/d467e9c5-5b03-4906-9640-f35423631bd0,Tesoro 104,
http://opencontext.org/media/d73fa486-f451-4a3a-8b9b-7c629f7aaff3,Tesoro 11,1970
http://opencontext.org/subjects/66364248-e606-4dea-df72-50b2d22d5b0c,Tesoro 11,
http://opencontext.org/subjects/62a48b68-9877-4a9f-2d9e-82d77e134fe3,Tesoro 12,http
http://opencontext.org/media/e80a4047-625c-47a5-6ba5-2dc097d5356b,Tesoro 13,1970
http://opencontext.org/subjects/f6b51179-7b98-41a8-06bf-59d1eb74b7bc,Tesoro 13,
http://opencontext.org/subjects/82a29440-dfa8-409d-2ec6-2d14d3cdf411,Tesoro 14,
http://opencontext.org/documents/ca08fd67-4312-4074-bba2-655045f43e98,Tesoro 14,1970
http://opencontext.org/documents/000d844d-c396-4f9d-b35e-3f03feb8582e,Tesoro 15,1970
http://opencontext.org/subjects/041bc004-3a2b-4821-cc1a-f5ffc283e537,Tesoro 15,
http://opencontext.org/documents/aa419a12-a04f-4077-908a-b886f15d3e06,Tesoro 15 and Pozzo,1971
http://opencontext.org/subjects/6ca4122d-0af2-4f2b-d8bf-c77584ad386d,Tesoro 15 and Pozzo,
http://opencontext.org/documents/9ff79e50-df4c-4b52-8262-41ec53c78873,Tesoro 17,1977
http://opencontext.org/documents/fc0492fc-9be4-4b74-8d61-7d227e856e2e,Tesoro 17,1970
http://opencontext.org/documents/70148d58-00a2-4fa8-a9d6-845c38875f23,Tesoro 17,1971
http://opencontext.org/subjects/a7f2ccbf-3a83-4aa0-2bd0-0e2e99900624,Tesoro 17,
http://opencontext.org/documents/57ed28ab-ac77-4706-86d1-ebb30326aadc,Tesoro 17,1972
http://opencontext.org/media/f8cce502-b8b3-42dd-f720-fa1eefa1363f,Tesoro 17,1978
http://opencontext.org/subjects/efde5aad-5917-46f6-09ec-d850120f39f8,Tesoro 17,1992
http://opencontext.org/documents/ac8b237a-6859-4a0c-b8b5-428e4844a974,Tesoro 18,1973
http://opencontext.org/documents/7e2e09ab-31ef-45a4-bcff-1ea9f6543095,Tesoro 18,1971
http://opencontext.org/documents/4b93e6b3-ea35-448b-bdda-7c4dc896f741,Tesoro 18,1975
http://opencontext.org/documents/04887f08-c68f-4d62-a1b5-1add0096332a,Tesoro 18,1972
http://opencontext.org/documents/815db115-8bca-4964-ace0-7d590acfae4e,Tesoro 18,2001
http://opencontext.org/documents/1911dc35-f3ad-4b9f-a563-b228b6d2498d,Tesoro 18,1989
http://opencontext.org/subjects/0ac6b338-54ba-41fb-d5d8-59d8227ac31c,Tesoro 18,
http://opencontext.org/media/95b1f25f-1bca-4b73-8010-5ef992a3052f,Tesoro 18,1977
http://opencontext.org/subjects/3c8457f5-99e8-4acd-0ace-5ee89d43595b,Tesoro 18,1980
http://opencontext.org/documents/e4676e00-0b9f-40c7-9cb1-606965445056,Tesoro 18 Northern Extension,1972
http://opencontext.org/subjects/aee1b762-b568-47fc-646a-76f7406fee0f,Tesoro 18 Northern Extension,
http://opencontext.org/documents/e6e9f653-6143-4a51-aec3-e7c16663db37,Tesoro 19,1977
http://opencontext.org/documents/b5d9eac6-f0d4-4a1f-a424-e355cc1974ea,Tesoro 19,1972
http://opencontext.org/subjects/1d751acc-a48d-4256-0898-2556e5280c56,Tesoro 19,
http://opencontext.org/documents/aba94637-b3b0-4560-b443-9d85fdff4ece,Tesoro 19,1982
http://opencontext.org/documents/f624ff8d-2744-445e-a3ce-689cd44e900a,Tesoro 19,1975
http://opencontext.org/media/62c10d3b-aabb-48d1-6e32-262b232a043e,Tesoro 19,1980
http://opencontext.org/subjects/55478fba-ee2b-424c-465f-3dd5120a0956,Tesoro 19,1978
http://opencontext.org/documents/fbc8d909-f1d2-40b3-98bf-27a3567b2c05,Tesoro 19 Extension,1976
http://opencontext.org/subjects/1c8a3854-31c8-42dc-d4bb-254ecce95b62,Tesoro 19 Extension,
http://opencontext.org/subjects/da63abb8-ad8c-4e57-a04c-1aad33cefab2,Tesoro 1A,1966
http://opencontext.org/subjects/e947308a-5f9a-41dd-e98a-d63bea1ce1d9,Tesoro 1A,
http://opencontext.org/subjects/8233cd5a-4c07-4ae5-dc6b-d27166bfd1e0,Tesoro 1AA,1967
http://opencontext.org/subjects/865868e6-b3f9-43d4-1eaf-b2fa1008c3a7,Tesoro 1AA,
http://opencontext.org/media/ab2e6d94-6b87-42c7-2a91-d4d6d960455c,Tesoro 1AB,1967
http://opencontext.org/subjects/fe6761c0-9514-48e9-ceab-d8d7cd0a44f8,Tesoro 1AB,
http://opencontext.org/subjects/4595251b-b67a-4132-443b-0000e2044c85,Tesoro 1AC,http
http://opencontext.org/media/a6a57f30-f3f5-4ffb-1ceb-22b5371d9926,Tesoro 1AD,1967
http://opencontext.org/subjects/ff55f04e-e14e-4230-7155-6dbcdaafab19,Tesoro 1AD,
http://opencontext.org/subjects/ba048362-8ef3-404c-2275-9c8e015615e4,Tesoro 1AE,1967
http://opencontext.org/subjects/21ee7a84-703b-49da-60fb-d7fafa83fd6e,Tesoro 1AE,
http://opencontext.org/subjects/1f380c32-eda5-4f74-59cf-05bc44055468,Tesoro 1AF,http
http://opencontext.org/subjects/74a9ce4e-d396-4f54-de1f-2cec3255bb4b,Tesoro 1AG,1967
http://opencontext.org/subjects/a03e5ea3-cc6f-4bae-3fa0-d7e8931adcf5,Tesoro 1AG,
http://opencontext.org/subjects/b988e719-8ab0-4b78-311d-30161d80c33b,Tesoro 1AH,1967
http://opencontext.org/subjects/1e07d087-de44-4b52-0c69-21481b1e6816,Tesoro 1AH,
http://opencontext.org/subjects/3617c3cb-d442-4b6b-335a-7b0b41adcaf2,Tesoro 1AI,1967
http://opencontext.org/subjects/28e3edf0-f7d2-44f9-8f42-ab574ad81026,Tesoro 1AI,
http://opencontext.org/subjects/f17d401c-a890-49b3-972f-c516da9dfc8d,Tesoro 1AJ,http
http://opencontext.org/media/3d1a39c4-dd00-4ab0-a038-ea347675bfed,Tesoro 1AK,1968
http://opencontext.org/subjects/e5e80bd3-81e5-4215-29e8-602d59a2b8d8,Tesoro 1AK,
http://opencontext.org/media/4119f2cb-7d44-41c0-c038-942e65c982df,Tesoro 1AL,1968
http://opencontext.org/subjects/51ca7a3e-5d5a-43f6-9b15-937dec71ab63,Tesoro 1AL,
http://opencontext.org/media/329c15e5-d3fb-4b08-f950-204b723b932a,Tesoro 1AM,1968
http://opencontext.org/subjects/d1385646-a2b3-4a24-35a8-e7fe4d2b9e8e,Tesoro 1AM,
http://opencontext.org/documents/0009edbe-405b-44c9-a7b3-1772cef42d56,Tesoro 1AN,1967
http://opencontext.org/subjects/2cea9c34-d5e1-4467-2ce7-27d269ba845c,Tesoro 1AN,
http://opencontext.org/media/0badf5c5-1684-4c55-3107-3d63a21ad596,Tesoro 1AN,1968
http://opencontext.org/media/5ba70fa2-0cf1-4d33-b3ff-e45051adab0c,Tesoro 1B,1966
http://opencontext.org/subjects/eeb08529-f0be-4311-53e7-1a4c8bcc200d,Tesoro 1B,
http://opencontext.org/subjects/938bca2c-161d-4dc5-130b-c54c98ec8f82,Tesoro 1C,http
http://opencontext.org/media/ca342875-971d-4561-9031-7c9f4fcae168,Tesoro 1D,1966
http://opencontext.org/subjects/afce6c74-53de-46b2-ef24-f4e1c5dae3d6,Tesoro 1D,
http://opencontext.org/media/8d6cb964-ddc5-4644-aed8-375d30ad460c,Tesoro 1E,1966
http://opencontext.org/subjects/769885e1-c279-470d-5f7c-18ae42cb00ac,Tesoro 1E,
http://opencontext.org/subjects/053a9284-c405-442c-936e-0cdec546fc91,Tesoro 1F,1966
http://opencontext.org/subjects/c03933df-64f7-4c78-75a3-980b41cb53d8,Tesoro 1F,
http://opencontext.org/subjects/4912ada5-2bf0-462c-c141-0bc4f8717761,Tesoro 1G,1966
http://opencontext.org/subjects/040a28de-5bcc-471d-b8c6-7298a12eadf4,Tesoro 1G,1967
http://opencontext.org/subjects/77079316-dbee-4881-630e-d6c10d1961f4,Tesoro 1G,
http://opencontext.org/media/f0d4586b-d272-49b3-c21c-542cd9b7551c,Tesoro 1H,1967
http://opencontext.org/subjects/82ac673e-0036-480f-89c2-089c071a08bd,Tesoro 1H,1966
http://opencontext.org/subjects/9a9af766-1cad-496e-4959-292e0b0f410c,Tesoro 1H,
http://opencontext.org/subjects/1337f319-39f0-4457-129d-51f1f7480fac,Tesoro 1I,http
http://opencontext.org/media/d4f1df81-832b-4b2a-356a-996d68c81ecc,Tesoro 1J,1966
http://opencontext.org/subjects/ebdad736-f825-4778-2d8b-2a4afabc5d31,Tesoro 1J,
http://opencontext.org/subjects/3a7ba677-1cd7-42c9-2a4c-3821c5478c9b,Tesoro 1K,1967
http://opencontext.org/subjects/2042b811-d07c-4665-2cab-6c9673e54127,Tesoro 1K,
http://opencontext.org/media/7c3e7002-fbd7-4860-5253-deab6a82d1c2,Tesoro 1L,1967
http://opencontext.org/subjects/ba3576d9-df16-4ae9-532a-841ccf20df84,Tesoro 1L,
http://opencontext.org/subjects/00fabcf8-a821-4934-9a17-0c23dc2106b4,Tesoro 1M,http
http://opencontext.org/media/f0a01ece-9c97-424d-bdf6-6c57618e0332,Tesoro 1N,1967
http://opencontext.org/subjects/1107e1d5-dfad-4d63-3dd2-1096ae61587d,Tesoro 1N,
http://opencontext.org/media/85d2a5df-7a6b-409b-0f32-9f8db1494730,Tesoro 1NRT,1967
http://opencontext.org/subjects/d3bb2fc9-67f3-4ea4-a5e8-f7e49e2ff1d8,Tesoro 1NRT,
http://opencontext.org/subjects/e19dd309-7b3c-43ee-35cf-b641f66da900,Tesoro 1O,http
http://opencontext.org/subjects/c1b54a99-a5b6-417a-10ec-97fb1ad4a1ac,Tesoro 1P,1967
http://opencontext.org/subjects/b19c4f26-ed8c-46bf-0a9a-2565484c9ed6,Tesoro 1P,
http://opencontext.org/media/001f1843-0506-4353-b33e-b1362394fc2e,Tesoro 1Q,1967
http://opencontext.org/subjects/8c7f1700-d3b1-408f-0bb7-d10b775f2b2e,Tesoro 1Q,
http://opencontext.org/media/e64f2214-7270-450b-9a37-cdecc7528101,Tesoro 1R,1967
http://opencontext.org/subjects/e84623b7-e3d6-4bc1-c5f7-4ad36e4d6e81,Tesoro 1R,
http://opencontext.org/media/e77fceae-eda6-4440-0235-491965b79242,Tesoro 1S,1967
http://opencontext.org/subjects/f8d0afb5-cc02-4756-e6a9-474692be78c3,Tesoro 1S,
http://opencontext.org/media/b1a6d4f1-49e3-4bac-93c4-9612e6ba716c,Tesoro 1T,1967
http://opencontext.org/subjects/f2e38a8d-1156-43cc-8efc-875820d95fd4,Tesoro 1T,
http://opencontext.org/media/abd99135-bc20-49a9-affb-a9519df3ba9b,Tesoro 1U,1967
http://opencontext.org/subjects/4d825459-8568-47a5-9a85-8510957aabb8,Tesoro 1U,
http://opencontext.org/subjects/acf5c37d-0630-4a87-1fae-9d06ce528478,Tesoro 1V,1967
http://opencontext.org/subjects/9020295d-29de-4709-1657-f077c4c2057e,Tesoro 1V,
http://opencontext.org/media/923015fd-cc3e-40a8-0ccb-8438febc66b6,Tesoro 1W,1967
http://opencontext.org/subjects/0d9788f5-d6fb-425c-d87e-252d6a1d2f55,Tesoro 1W,
http://opencontext.org/subjects/8fec1f08-b91f-4f02-3065-42c80dfa828c,Tesoro 1X,http
http://opencontext.org/subjects/6deba398-62f6-4067-5dc2-db9ab7bdab58,Tesoro 1Y,1967
http://opencontext.org/subjects/59109adc-4ddb-4223-0ba1-e0c5593a20f7,Tesoro 1Y,
http://opencontext.org/subjects/2f91c180-f8fc-457b-c6af-4b266a824874,Tesoro 1Z,1967
http://opencontext.org/subjects/fd2fa15c-22ac-4585-360f-8ff50c98791f,Tesoro 1Z,
http://opencontext.org/documents/192d2dca-4574-4a76-a9fc-bfb9b778ad06,Tesoro 2,1966
http://opencontext.org/subjects/b4ac4c80-e2d2-4a02-861a-7b6f8a02d57b,Tesoro 2,1970
http://opencontext.org/subjects/13781dfa-0d2c-41fc-8d12-ef779f960074,Tesoro 2,
http://opencontext.org/documents/def5c49e-17f4-4c19-a8e3-b6a49065daad,Tesoro 20,1972
http://opencontext.org/subjects/e2ee71f0-755c-474d-3f02-d8e0b67b73de,Tesoro 20,
http://opencontext.org/documents/67704030-ded2-40b1-94a7-5249aae225de,Tesoro 20,1974
http://opencontext.org/media/07bbd86b-51fb-435d-770c-a27be23385a4,Tesoro 20,1973
http://opencontext.org/subjects/eff9486b-3dec-42f9-3b9c-dc20a7003601,Tesoro 20H,http
http://opencontext.org/documents/925a14b9-4a08-4019-982f-3f3acc3fa64c,Tesoro 21,1979
http://opencontext.org/documents/d157c76f-d97a-4a29-8106-3c8f16ec1431,Tesoro 21,1997
http://opencontext.org/subjects/21bd6d20-9202-4d7e-8238-6e06bce587d2,Tesoro 21,
http://opencontext.org/documents/7a006ddc-3d34-40f3-ba9d-b8697df6dba5,Tesoro 21,1993
http://opencontext.org/documents/11fa0eeb-2601-4714-b23e-9d149c0937fb,Tesoro 21,2000
http://opencontext.org/documents/2e528acb-f19f-4f6f-b4ea-8e0b375c8a53,Tesoro 21,1994
http://opencontext.org/documents/ea8c11df-a533-4133-bd5a-5584241be580,Tesoro 21,2001
http://opencontext.org/subjects/1fa3ca83-6163-4c1f-87fc-832158dd40e9,Tesoro 21,1978
http://opencontext.org/subjects/1abdaf29-8a71-4d32-8c12-8615d873fa86,Tesoro 21,2002
http://opencontext.org/documents/8da94da8-44f2-4765-9e50-87a03ab893c7,Tesoro 22,1978
http://opencontext.org/documents/59fec3d7-d757-494a-89dc-3abf4c2cb151,Tesoro 22,2019
http://opencontext.org/documents/d33bc065-48b1-4ae3-920c-003cacc9db25,Tesoro 22,1993
http://opencontext.org/subjects/f1dc6bc7-f794-4429-13fa-65d4d52475c5,Tesoro 22,
http://opencontext.org/documents/04cc6f99-02eb-4efd-926d-eb9a63be7b9d,Tesoro 22 West Extension,2000
http://opencontext.org/documents/2121cdb2-1bee-45b9-97e8-0d408e4130fd,Tesoro 22 West Extension,1992
http://opencontext.org/documents/09995973-60c3-4f30-8dda-db86260c855a,Tesoro 22 West Extension,1991
http://opencontext.org/documents/edffdde4-8f94-4735-b56b-31e1d76b7aa4,Tesoro 22 West Extension,1993
http://opencontext.org/subjects/c0f52f4c-8161-4db6-0175-1bcae89cdc1d,Tesoro 22 West Extension,
http://opencontext.org/documents/97e06bab-65eb-4eca-a67c-30131d7f242d,Tesoro 22 West Extension,2001
http://opencontext.org/subjects/0069e3b2-e5a8-40c6-1fd7-4cf307bf26b3,"Tesoro 22, 26",1987
http://opencontext.org/subjects/0f870c3e-8c6b-4b66-07b8-83dbd6a10ffd,"Tesoro 22, 26",
http://opencontext.org/documents/627f687d-4eb2-4c04-bd1d-fab737b073dc,Tesoro 23,1980
http://opencontext.org/documents/76f58acc-5b6e-4725-9403-281e893cead4,Tesoro 23,1978
http://opencontext.org/subjects/171aa8d2-bc5f-4d17-f3b0-5a49dd4e3db2,Tesoro 23,
http://opencontext.org/documents/2a5d24fb-14dd-4465-bca3-ee33c3bab46d,Tesoro 23,1979
http://opencontext.org/documents/26995ded-5b58-4be8-8b19-ef22b07f7809,Tesoro 23,1981
http://opencontext.org/documents/1837aaa8-51f8-4e5e-b7d9-69de2e0c6f9e,Tesoro 23 Extension,1979
http://opencontext.org/documents/b9a052f9-3d62-42f1-b1b7-d2fd1259e4a3,Tesoro 23 Extension,1980
http://opencontext.org/subjects/8c7bcd69-dfda-4b40-fafa-ed89718a99da,Tesoro 23 Extension,
http://opencontext.org/documents/565b52cf-7b0b-400e-9c9f-110a327f492c,Tesoro 24,1978
http://opencontext.org/subjects/e1d6906a-9bc1-4276-cfc5-384ac5443d58,Tesoro 24,
http://opencontext.org/documents/253bddb8-fd06-44e8-9068-fcecd650fc8d,Tesoro 25,1994
http://opencontext.org/documents/90ccfd9d-8724-490a-b69b-27f23b806dae,Tesoro 25,1985
http://opencontext.org/documents/61ec85a6-7bb0-4cb8-80d3-6b35d10d03f2,Tesoro 25,1995
http://opencontext.org/documents/c46f5d7d-dadc-44ae-b564-87e2fec92071,Tesoro 25,1982
http://opencontext.org/documents/957843ea-f62b-4cd0-ac86-8781246eff6e,Tesoro 25,1981
http://opencontext.org/documents/8ca32714-d263-45bc-97bc-cafd0fed2be2,Tesoro 25,1997
http://opencontext.org/documents/033ccf68-62ce-4a12-a827-aca624c28338,Tesoro 25,1984
http://opencontext.org/subjects/51ee0e7f-dc67-4911-2e53-57af8f5068b9,Tesoro 25,
http://opencontext.org/media/da3cbd7c-60ba-41c8-98be-5ae048c1978a,Tesoro 25,1980
http://opencontext.org/documents/2aaad58c-d81f-4710-993d-d6a56f6ab0e7,Tesoro 25 Extension,1998
http://opencontext.org/subjects/ca7d40fe-8c09-47f7-7a9a-db887b1c6f87,Tesoro 25 Extension,
http://opencontext.org/documents/2fb68547-d18b-4552-8d5d-624257f7fc42,Tesoro 25 Extension,1997
http://opencontext.org/documents/2b485484-a7dc-48a3-b368-051988b2b69f,Tesoro 26,1985
http://opencontext.org/documents/519867e8-8f71-4017-be45-fad172a38128,Tesoro 26,1989
http://opencontext.org/documents/a1210335-909f-434b-ae58-d10af3697efb,Tesoro 26,1983
http://opencontext.org/subjects/e41e9373-bad4-4064-a200-bfeaeca5fabd,Tesoro 26,
http://opencontext.org/documents/4feaba6c-d6fb-4ac2-9cb6-51f122d5094f,Tesoro 26,1982
http://opencontext.org/documents/5c88d1b1-6b00-4362-a4b8-d4c5c7d5f4d9,Tesoro 26,1992
http://opencontext.org/documents/8502f184-d638-4d7a-931d-ecf1d5301ad2,Tesoro 26,1988
http://opencontext.org/documents/b8310810-c880-4c3f-a6ba-bd6ebe2f6f44,Tesoro 26,1984
http://opencontext.org/documents/4cda3ed4-4a16-4c2e-9cd5-a762056efab8,Tesoro 26,1987
http://opencontext.org/documents/6e8f2734-b6b1-4dd2-b68b-b36ecea26cb0,Tesoro 26,1995
http://opencontext.org/documents/24a651f8-cdd5-4238-a540-87c76dce5b01,Tesoro 26,1981
http://opencontext.org/documents/ae83e826-2134-473f-9d86-4b4d3b640007,Tesoro 26,1994
http://opencontext.org/documents/828c9104-f478-4642-ad7a-04a90cdcb07f,Tesoro 26,1990
http://opencontext.org/documents/b950f2d0-1e23-440a-a619-eac3f84ce08e,Tesoro 26,1986
http://opencontext.org/documents/028af835-57dc-4952-af76-1772295442bd,Tesoro 26,2022
http://opencontext.org/documents/8618682d-387b-4ac6-8e82-710d184ab5a4,Tesoro 26,2023
http://opencontext.org/documents/aa09fd30-8b04-4e0d-88bd-de5e6db45d96,Tesoro 26,2019
http://opencontext.org/media/a1a9d3d3-dc72-46b3-b912-51831aa2bc25,Tesoro 26,2003
http://opencontext.org/media/71b2825c-211f-4edf-64ac-caf8939fa43f,Tesoro 26,2009
http://opencontext.org/subjects/b7eb1c01-1d72-45f5-8168-a7d781f31de6,Tesoro 26,2002
http://opencontext.org/documents/78f1c75c-3fcc-43ce-96fd-ac6b50848c6a,Tesoro 26 North,1998
http://opencontext.org/documents/6699a7da-4264-456e-bd28-414bc14bea3b,Tesoro 26 North,1999
http://opencontext.org/subjects/4454f19d-c295-4e35-7124-98a6661cff51,Tesoro 26 North,
http://opencontext.org/documents/95ff5757-dbe6-4fec-8b3f-7640418a8010,Tesoro 26 South,1999
http://opencontext.org/subjects/646f3438-9bbf-46f1-71e9-0bec2e095ea4,Tesoro 26 South,
http://opencontext.org/media/09add15d-efb6-4650-6f8d-58cfe508336e,Tesoro 26 South,1998
http://opencontext.org/subjects/38eb7fe3-d403-4515-d17d-eccee1472e3a,Tesoro 26 South Extension,
http://opencontext.org/documents/aa262c5f-0b6b-4182-bd39-b2a9a0c7cde5,Tesoro 26 South Extension,2001
http://opencontext.org/documents/fc6f9863-6b71-4a40-b14f-4537c2af1120,Tesoro 27,1989
http://opencontext.org/subjects/b1aae78e-acd4-4b1f-ca46-ef64f7310195,Tesoro 27,
http://opencontext.org/documents/117635b1-1b34-4290-a051-9f5df9fc0e3b,Tesoro 27,1985
http://opencontext.org/documents/70b957b9-3ef1-4ab5-963a-c689383f073d,Tesoro 27,1988
http://opencontext.org/documents/bafce84f-9879-4c41-b15a-3869cd587f5a,Tesoro 27,1994
http://opencontext.org/documents/50b7699a-132f-45ff-bcef-4bdb1619682e,Tesoro 27,1990
http://opencontext.org/documents/9c32033c-4be2-4869-865d-fe60002b0023,Tesoro 28,2002
http://opencontext.org/subjects/b73503d0-3958-4d16-460e-2aa355e30892,Tesoro 28,
http://opencontext.org/documents/74b520a9-e814-40a9-bd08-60e7f521ba85,Tesoro 28 North,2003
http://opencontext.org/documents/48517801-1dfa-43a0-896b-341b95ce8ad4,Tesoro 28 North,2001
http://opencontext.org/subjects/ef628d6d-2a2d-4e6b-f86a-834a451f8296,Tesoro 28 North,
http://opencontext.org/media/856fd1f6-dbca-4c1b-1124-59265eeec5ca,Tesoro 28 South,2003
http://opencontext.org/documents/b07f4a96-a7ec-4447-961d-305042f54397,Tesoro 28 South,2002
http://opencontext.org/documents/df732045-9dee-4e28-a9d2-5f983d392e99,Tesoro 28 South,2001
http://opencontext.org/subjects/67905cda-1882-4b23-f0d5-68c45fd0b862,Tesoro 28 South,
http://opencontext.org/documents/fecbadfb-a4ad-47ad-a842-98758426813b,Tesoro 29,2002
http://opencontext.org/subjects/2f24bd3f-2e57-4645-e593-7ba1db674321,Tesoro 29,
http://opencontext.org/subjects/43dc772a-c152-4c32-9edf-fc43331ac47b,Tesoro 2A,http
http://opencontext.org/subjects/2b18f9d6-8bb7-4bc8-cef2-f8b3c3f49f1b,Tesoro 2B,1966
http://opencontext.org/subjects/ca7f39c5-c2ac-409b-d574-ac57c4f678f9,Tesoro 2B,
http://opencontext.org/media/241d43f9-a42d-40b6-8a8d-65e3c48ba066,Tesoro 2C,1966
http://opencontext.org/subjects/fc271f80-9661-4520-78d9-332044112ff3,Tesoro 2C,
http://opencontext.org/subjects/a1fbca0d-0e32-4c0e-228a-3248660ec8f3,Tesoro 2D,1966
http://opencontext.org/subjects/cc61afc6-46fc-49ae-7a25-b7b2fde87aa4,Tesoro 2D,
http://opencontext.org/media/86169d0d-a0ac-43d5-bf56-f729c239e252,Tesoro 2E,1966
http://opencontext.org/subjects/eb873902-6945-42d4-ce2b-c0dd0203cd71,Tesoro 2E,
http://opencontext.org/media/23b1e460-9c04-4672-bf5b-91bae2b838b0,Tesoro 2F,1966
http://opencontext.org/subjects/e3204b38-f161-4a4f-3cdb-5fe3c91e5203,Tesoro 2F,
http://opencontext.org/media/778fe5c0-3c7d-4ea3-84c5-d30c9649971b,Tesoro 2G,1966
http://opencontext.org/subjects/b79d9e04-2389-437d-7047-943009511a8d,Tesoro 2G,
http://opencontext.org/media/863b68b6-d78a-41c6-9f87-95d9e6be2633,Tesoro 2H,1966
http://opencontext.org/subjects/8c0ddcc8-1468-4316-fc43-18c2836eca5d,Tesoro 2H,
http://opencontext.org/media/76a30108-42c2-4741-e8e9-64913849dcf8,Tesoro 2J,1966
http://opencontext.org/subjects/a433bac6-ba42-473c-de8a-db9c4e628dc5,Tesoro 2J,
http://opencontext.org/media/f2a2d662-a274-4e74-b7cb-7713f550c85b,Tesoro 2K,1966
http://opencontext.org/subjects/678edfa1-5c35-45f1-580a-43ec07d2b7b9,Tesoro 2K,
http://opencontext.org/subjects/c7447f4b-81b3-414b-7c4d-27e1642f41f6,Tesoro 2L,1966
http://opencontext.org/subjects/b3b1a4ab-a1ef-4a6b-becd-7c7877f72546,Tesoro 2L,
http://opencontext.org/documents/9046cda4-b0fc-497f-ae18-ecf302afac6e,Tesoro 3,1966
http://opencontext.org/subjects/cbcc7c51-8e37-418f-85dd-20cfa4724092,Tesoro 3,
http://opencontext.org/documents/63b98ab9-1fd0-469c-99c5-b3d3d956ecf3,Tesoro 30,2003
http://opencontext.org/subjects/4b45d8c9-af08-4518-1e80-321d2dbdb074,Tesoro 30,
http://opencontext.org/documents/4983dc09-09ce-48fb-b963-263eb5310575,Tesoro 30A,2004
http://opencontext.org/subjects/150bd521-2e06-48c2-db8a-b4f53ac3d321,Tesoro 30A,
http://opencontext.org/documents/5ab01ea2-41db-41d3-885e-c8e4d9bbe66c,Tesoro 30B,2004
http://opencontext.org/subjects/8e1306df-0cf7-409f-403a-a7b74c3b6bde,Tesoro 30B,
http://opencontext.org/documents/73ac7e7a-c670-4e91-9e60-1553ce662737,Tesoro 30C,2004
http://opencontext.org/subjects/7bb80569-aebf-4c8a-6f9f-581baf999de0,Tesoro 30C,
http://opencontext.org/documents/d56bb0ee-53cb-47ad-9915-23521f3332ed,Tesoro 30D,2005
http://opencontext.org/subjects/1cd4609f-f5e5-4c2c-3df7-cdcb87cb019e,Tesoro 30D,
http://opencontext.org/subjects/1c123747-a7c6-4a95-9284-33dbe888204d,Tesoro 30D,2004
http://opencontext.org/documents/202e22ab-d015-46f3-8fd8-ffe114b765f7,Tesoro 30E,2004
http://opencontext.org/subjects/2d8bb7cf-18f6-464b-213a-ada01818c70d,Tesoro 30E,
http://opencontext.org/documents/3dab5f70-67a6-4a17-8648-d8185cb39054,Tesoro 30F,2005
http://opencontext.org/subjects/234f8218-4d67-4887-659e-d14785bc0a20,Tesoro 30F,
http://opencontext.org/documents/2621719b-f13d-4710-950d-a256f73e8bd6,Tesoro 30G,2005
http://opencontext.org/subjects/8f23631e-6201-4092-e5be-5e7d536e2b35,Tesoro 30G,
http://opencontext.org/documents/84c91e95-423b-470b-8b10-1d7fe4ecbf8d,Tesoro 30H,2005
http://opencontext.org/subjects/d1359970-4965-4819-dc03-61a7a7e4a850,Tesoro 30H,
http://opencontext.org/media/42ae7a79-9077-46da-7e34-841e48438427,Tesoro 31,2003
http://opencontext.org/subjects/6b8c2c81-b703-4d15-f23e-50a38dd4a387,Tesoro 31,
http://opencontext.org/documents/6d042f39-52fc-4691-a5f9-1397286dc26c,Tesoro 32,2003
http://opencontext.org/subjects/4bc62d10-69d8-49db-2ca9-7c3dfd74e0c8,Tesoro 32,
http://opencontext.org/media/3c7429b3-bb51-4852-3a0d-94f43ec4af35,Tesoro 32,2004
http://opencontext.org/documents/aa9e7b42-e32d-41b5-9e18-dc89aa42974f,Tesoro 33,2003
http://opencontext.org/subjects/8d224fcc-d368-4993-bc69-a4edcbca60d4,Tesoro 33,
http://opencontext.org/documents/e7bbb5a3-c3a5-4513-8fa6-0a6db920804b,Tesoro 34,2003
http://opencontext.org/subjects/ac6dfaf1-8e69-480d-a687-afda354fcff5,Tesoro 34,
http://opencontext.org/documents/9c9ee296-136c-43c4-a67a-25f2d32ffb56,Tesoro 35,2003
http://opencontext.org/subjects/11e97c36-9cc5-4616-3c82-771e1ef62bd9,Tesoro 35,
http://opencontext.org/subjects/6157a4ec-290a-4181-bee1-647f3737b48b,Tesoro 35,2004
http://opencontext.org/documents/e6681c3f-225c-4bb2-bbf7-0d10412f6339,Tesoro 36,2005
http://opencontext.org/subjects/2680d449-6312-48ae-ef0f-db25b67f7bfc,Tesoro 36,
http://opencontext.org/subjects/bd795cc7-ea5a-4551-ab50-d34b3a3d5bea,Tesoro 36,2004
http://opencontext.org/documents/abfddef3-1acf-49b7-afdd-3df717a5f940,Tesoro 37,2005
http://opencontext.org/subjects/09262b0f-70fc-401a-4ab5-a4616bc4faf9,Tesoro 37,2004
http://opencontext.org/subjects/c7e131a3-8be2-40e3-0ef2-c3ab65823b63,Tesoro 37,
http://opencontext.org/documents/f6aff11f-5f43-4f7d-896a-bbd98e0bbaad,Tesoro 37A,2004
http://opencontext.org/subjects/e7c6b89a-0258-4a50-1487-c55ae8c4ed69,Tesoro 37A,
http://opencontext.org/documents/5c422b61-45b5-4df3-bff8-867d973768a4,Tesoro 37B,2004
http://opencontext.org/subjects/b229a46d-ed3d-41a0-d64f-2e5855703e0b,Tesoro 37B,
http://opencontext.org/documents/d876d20d-8776-4a0a-897f-1b7ffc772d95,Tesoro 37C,2004
http://opencontext.org/subjects/a35a67aa-2832-415e-f7be-3b051444e665,Tesoro 37C,
http://opencontext.org/subjects/30963af8-7431-4876-6730-2450cafeda0b,Tesoro 4,1966
http://opencontext.org/subjects/ff322b45-b0e8-4af4-296d-a8c08593ef50,Tesoro 4,
http://opencontext.org/subjects/756fb228-e865-4e1e-8ad6-41a4323e9ba6,Tesoro 40,http
http://opencontext.org/documents/8c72f3e8-11f7-4155-bbc2-b515e9474c13,Tesoro 40A,2004
http://opencontext.org/subjects/9d0d7d58-a751-4cc7-ef3d-5318d9d16e47,Tesoro 40A,
http://opencontext.org/documents/e7af142a-4a35-4894-913b-868c721d6ac9,Tesoro 40B,2004
http://opencontext.org/subjects/20bef152-ba8b-4a08-57d7-baadd30a7248,Tesoro 40B,
http://opencontext.org/subjects/3640eeb6-2c5d-437b-e300-6043883f8a10,Tesoro 41,http
http://opencontext.org/documents/f6b6b816-fc25-4029-b85c-410b727efd2f,Tesoro 41A,2004
http://opencontext.org/subjects/00f368ce-aff2-43ca-489a-84a0ec2dff8c,Tesoro 41A,
http://opencontext.org/documents/d0c7e757-331e-4b13-94be-b94d78d78d2a,Tesoro 41B,2004
http://opencontext.org/subjects/a386907e-c61d-4ac4-068d-77f3d2adfa3e,Tesoro 41B,
http://opencontext.org/documents/99cc27b1-4aa0-4ac1-bcab-f19a596fdfbe,Tesoro 42A,2005
http://opencontext.org/subjects/7655e594-69c9-4438-1bed-5987f671d933,Tesoro 42A,
http://opencontext.org/documents/84c2d048-b89c-4238-bb13-f784d4cf0710,Tesoro 42B,2005
http://opencontext.org/subjects/6a9cf999-c6fa-42aa-8f2b-b07442fe2d44,Tesoro 42B,
http://opencontext.org/documents/a7b52e0f-e29c-46a9-99e5-dc4cae4fef67,Tesoro 42C,2005
http://opencontext.org/subjects/337fe71e-94cd-4fb5-872f-b1678343b812,Tesoro 42C,
http://opencontext.org/documents/ae767152-585c-493c-beff-f67de4fb43ab,Tesoro 43A,2005
http://opencontext.org/subjects/ab14b22e-c5ac-42e1-2bd3-0d7362d6dc59,Tesoro 43A,
http://opencontext.org/documents/17a66955-d2d0-4566-93d3-7b4291682319,Tesoro 43B,2005
http://opencontext.org/subjects/04734348-d45b-4957-ba5a-4bb8d9690140,Tesoro 43B,
http://opencontext.org/documents/4d4fa549-887c-41b3-92ea-cc8d1a4f752d,Tesoro 44,2005
http://opencontext.org/subjects/99f94829-b4f3-44ce-8a9b-a8236becfbb4,Tesoro 44,
http://opencontext.org/documents/32ffb795-dac4-49cd-a301-5a2401d0afcd,Tesoro 44A,2005
http://opencontext.org/subjects/34a37e52-6950-4ae8-fca8-3de56973b33e,Tesoro 44A,
http://opencontext.org/subjects/c9d85ab9-fd28-402b-8dfb-75e335ca1780,Tesoro 44B,2005
http://opencontext.org/subjects/d436b49e-f62c-4791-0626-e4d75a828bee,Tesoro 44B,
http://opencontext.org/documents/8c220830-03a7-4a24-90c9-8122d0339881,Tesoro 44C,2005
http://opencontext.org/subjects/8188ffaa-cfad-47d6-2a12-23e4ff5ddbfb,Tesoro 44C,
http://opencontext.org/documents/d56e3536-5b7e-4864-85f2-5afb3720cc0d,Tesoro 44D,2005
http://opencontext.org/subjects/a66d8905-2236-4d2a-3151-f0c49f59b660,Tesoro 44D,
http://opencontext.org/documents/d215bcc7-006c-4158-b09e-eed97cd4d62c,Tesoro 45,2007
http://opencontext.org/subjects/3aa9e720-0371-4443-5a40-5fe6a5e1dcae,Tesoro 45,
http://opencontext.org/documents/11f92778-77d2-4f9b-a9df-7eedb6be56ae,Tesoro 46,2007
http://opencontext.org/subjects/f5332a70-73be-4e87-ad91-08f0abf7bfb1,Tesoro 46,
http://opencontext.org/documents/69dff4d7-de9e-4adb-a068-7cc5d54b79d5,Tesoro 47,2007
http://opencontext.org/subjects/3e140b66-8309-4931-fef4-ad2fdf8d6291,Tesoro 47,
http://opencontext.org/documents/0b7eb1ed-3b71-4f5c-981d-e3c3552d9d0d,Tesoro 48,2007
http://opencontext.org/documents/327d3884-9644-45ca-9151-e7ce50034cc3,Tesoro 48,2008
http://opencontext.org/subjects/eccc7a10-11c7-43da-74e6-726210980a54,Tesoro 48,
http://opencontext.org/documents/c4bfc488-08e1-4193-a6d3-785da35f8b4b,Tesoro 49,2009
http://opencontext.org/subjects/03c05db2-62df-43b2-605b-56aefa277051,Tesoro 49,
http://opencontext.org/subjects/cf13cefc-66d8-4fc9-34b8-6e185c107393,Tesoro 5 Test,http
http://opencontext.org/documents/23d025e2-9cfa-44ae-bd23-4d12eff9a4f9,Tesoro 50,2009
http://opencontext.org/subjects/e2e20765-3196-4443-e62c-8c7799708399,Tesoro 50,
http://opencontext.org/documents/ddb38cb9-8431-4b0f-a355-754bb8da16a1,Tesoro 51,2009
http://opencontext.org/subjects/5b5550ec-78d2-4766-2e71-d54e3a4aac6a,Tesoro 51,
http://opencontext.org/documents/54cdc9d4-00dc-4190-92a4-d7c22a584a87,Tesoro 52,2009
http://opencontext.org/subjects/7a2631c5-abbd-46f6-6a6b-0c23ea819370,Tesoro 52,
http://opencontext.org/documents/9d32201a-f958-4cbb-a8cb-1ed58ef1ae96,Tesoro 53,2009
http://opencontext.org/subjects/3a6c5062-5c6a-4886-87cd-dd15b4636809,Tesoro 53,
http://opencontext.org/documents/5e814dd7-1dc1-42f9-a47c-255abb6e12a8,Tesoro 54,2009
http://opencontext.org/subjects/e7750cb4-79e0-423c-6f71-4b991eb487dd,Tesoro 54,
http://opencontext.org/documents/8d0d74d1-3792-45eb-b67a-cb68540baa8f,Tesoro 55,2009
http://opencontext.org/subjects/da41f536-ad71-413e-048c-c572046069b4,Tesoro 55,
http://opencontext.org/documents/098a59fa-aed8-4e4d-b2b9-94479df3055c,Tesoro 56,2009
http://opencontext.org/subjects/0d1e2474-6e46-4348-ad85-800ab9f3d80d,Tesoro 56,
http://opencontext.org/documents/904ea246-92c3-4910-b50f-bce3a75cece2,Tesoro 57,2015
http://opencontext.org/documents/225422de-e501-410a-ae45-c190ab89d4fc,Tesoro 57,2014
http://opencontext.org/subjects/c766cfd8-e1b4-4a66-b6b2-08b2030bdcb8,Tesoro 57,
http://opencontext.org/documents/8ca62ad0-60d6-472f-aae9-cb3b2f6e9760,Tesoro 58,2015
http://opencontext.org/documents/80577661-f88c-44a5-b10d-aff930fc9bd8,Tesoro 58,2014
http://opencontext.org/subjects/b8233443-f716-4cfe-9b52-fe46a81eb610,Tesoro 58,
http://opencontext.org/documents/34b41781-451a-4cf4-84ef-522c39b33591,Tesoro 59,2014
http://opencontext.org/subjects/dc245337-3117-4551-837e-42c02d297a2e,Tesoro 59,
http://opencontext.org/subjects/44f7a6d9-9d9c-48e0-d184-7100e44d4c27,Tesoro 5A,1967
http://opencontext.org/subjects/6f340337-95b3-48e1-d09b-d5d7ff9700e0,Tesoro 5A,
http://opencontext.org/media/86fe35f2-dee9-45a9-799c-ed533b8c0188,Tesoro 5B,1967
http://opencontext.org/subjects/24878b9f-e641-49a6-e7be-f536303a96bd,Tesoro 5B,
http://opencontext.org/subjects/1ac5ee20-c2a8-49bd-df5f-9db35386e40a,Tesoro 5C,1967
http://opencontext.org/subjects/bac52ed6-040a-4e6b-95cf-3fe40592a951,Tesoro 5C,
http://opencontext.org/subjects/726f8428-68e0-46de-6578-19cdd514e3a1,Tesoro 5D,1967
http://opencontext.org/subjects/e72d3e97-c3fd-4c21-8b4d-6f153221e59f,Tesoro 5D,
http://opencontext.org/media/49760863-be4a-41e6-4aa4-90d0dd8d8e22,Tesoro 5E,1968
http://opencontext.org/subjects/f1c8ede7-b1ab-41fe-998f-820c5f85074c,Tesoro 5E,
http://opencontext.org/documents/c9a7ff14-67ae-4c65-82c4-1f942e52d389,Tesoro 60,2014
http://opencontext.org/subjects/28a6cc00-fbab-40f1-90e6-01c66376926b,Tesoro 60,
http://opencontext.org/documents/2785e374-e682-4c45-9782-fdf626e719cd,Tesoro 61,2014
http://opencontext.org/subjects/f675c9ad-e4b3-4125-937e-21d64ed8fd30,Tesoro 61,
http://opencontext.org/documents/2ca2cd41-f953-46ef-92c4-83f963c7fd04,Tesoro 62,2014
http://opencontext.org/documents/f494935f-ab52-4a98-a3d1-2a231afb1233,Tesoro 62,2015
http://opencontext.org/subjects/db6cca7f-78cb-4043-adb4-c3de5d791910,Tesoro 62,
http://opencontext.org/documents/b4e3b4ac-ca94-4b55-b057-346faf75e840,Tesoro 63,2014
http://opencontext.org/subjects/311c66b1-75d5-49c1-9593-481228048c07,Tesoro 63,
http://opencontext.org/documents/9c41f5ba-59a0-4a8d-8311-574ee240e355,Tesoro 64,2014
http://opencontext.org/subjects/503bb312-f0cc-4ecf-9443-66a81f9dc683,Tesoro 64,
http://opencontext.org/subjects/d371ec4d-405b-45b9-9f48-d2aee163780e,Tesoro 65,2014
http://opencontext.org/subjects/7b01d4eb-7821-419e-9df4-d72d06513a6d,Tesoro 65,
http://opencontext.org/documents/e2ebc0b6-5881-4610-8e92-5739bffc5c4d,Tesoro 66,2015
http://opencontext.org/documents/f7a735be-0ae2-4d36-9e50-9194ea1d2aff,Tesoro 66,2016
http://opencontext.org/documents/aa706f38-7275-4043-a029-ba122a16299e,Tesoro 66,2014
http://opencontext.org/subjects/9420190e-3d76-44cf-ae0f-279900c4a56c,Tesoro 66,
http://opencontext.org/documents/88d9e21d-ee9c-4752-9b20-795c195f89c9,Tesoro 67,2014
http://opencontext.org/subjects/753ff890-7e5c-4854-93e8-0c1d40e1683a,Tesoro 67,
http://opencontext.org/documents/91c96fb9-ec29-49d7-b2c1-30603b4e40c5,Tesoro 68,2014
http://opencontext.org/subjects/6ffcb588-d41e-4749-86db-351bcfba50c4,Tesoro 68,
http://opencontext.org/documents/0e29eba3-7649-4fa7-aa18-86c31f156bda,Tesoro 69,2014
http://opencontext.org/subjects/1f5549bf-2d1e-4eab-aa1c-a23e76cff1d4,Tesoro 69,
http://opencontext.org/media/dbce0751-82d6-4d9b-841f-e7f92ce7f6d5,Tesoro 6A,1968
http://opencontext.org/subjects/9879a755-c08a-498b-3da2-283e5d8a4346,Tesoro 6A,
http://opencontext.org/media/2d42d822-0885-4a38-c85d-fdae01948e14,Tesoro 6B,1968
http://opencontext.org/subjects/fdd41cef-bce8-4ef1-53aa-a702f71d081e,Tesoro 6B,
http://opencontext.org/media/6c1f5983-0e08-4225-af1a-c41bcc88aba6,Tesoro 6C,1968
http://opencontext.org/subjects/8b1452f5-abf0-4f10-9196-9964b1e10c8f,Tesoro 6C,
http://opencontext.org/media/bcdb541f-d819-48bf-b1b1-d97ca0dcd475,Tesoro 6D,1969
http://opencontext.org/subjects/ca2126b2-51b5-43a6-fbe2-ceaf068934a7,Tesoro 6D,
http://opencontext.org/media/b31a9688-f0e5-4581-8dbe-aebef314fc45,Tesoro 6E (1),1969
http://opencontext.org/subjects/4b93ce0f-ad3c-45e2-a260-c52f71792f3a,Tesoro 6E (1),
http://opencontext.org/subjects/3afaaab3-24c6-4f5d-d993-da4006935924,Tesoro 6E (2),
http://opencontext.org/documents/3d88f3ad-85e1-4c46-b766-c403264b9b60,Tesoro 6E (2),1970
http://opencontext.org/media/a711f99a-4c24-4a56-356a-1b5330093edb,Tesoro 6F,1969
http://opencontext.org/subjects/905b4ea0-91a8-4b10-0020-7841c86953b0,Tesoro 6F,
http://opencontext.org/documents/67b35a2f-f686-485c-8b74-55fa9d4d2822,Tesoro 7,1969
http://opencontext.org/subjects/db8a88c9-ca9e-44dd-9e67-aca26d5ae831,Tesoro 7,
http://opencontext.org/documents/7ae504ff-23a0-4d72-881c-8a0fe215405d,Tesoro 70,2015
http://opencontext.org/subjects/7d0c9b3e-1d2a-4c6a-978a-edfa6e40fd2b,Tesoro 70,
http://opencontext.org/documents/59fb62cb-5125-4f15-ab9e-98ba79db4b7e,Tesoro 71,2015
http://opencontext.org/subjects/ea552ea2-e2aa-4db3-9372-2377958369c4,Tesoro 71,
http://opencontext.org/documents/4d9b4d1a-6d9c-430c-ab67-d9bed0178e28,Tesoro 72,2015
http://opencontext.org/subjects/910004b2-e13c-4084-9f66-04960123d1fe,Tesoro 72,
http://opencontext.org/documents/b90fee01-196e-45a0-9041-7a8ab4087a71,Tesoro 73,2015
http://opencontext.org/subjects/a236e90a-f7b6-44b9-af1b-dc259071ab4f,Tesoro 73,
http://opencontext.org/documents/db10e0d9-e41b-4081-8f88-23c3daca788e,Tesoro 74,2015
http://opencontext.org/subjects/5ccfc2a2-4139-41fd-9961-fdc03420e0bf,Tesoro 74,
http://opencontext.org/documents/6b86a0f4-4dc4-4855-a627-adf0fdf2e434,Tesoro 75,2015
http://opencontext.org/subjects/3bd49b02-b954-46ad-8cc6-a0fa4ca48906,Tesoro 75,
http://opencontext.org/documents/d2d0ef68-06b1-43fe-baa8-dd4f2f6fe05b,Tesoro 76,2015
http://opencontext.org/subjects/7a32b56f-a7e0-4f0b-87cb-2126ccdee127,Tesoro 76,
http://opencontext.org/documents/952735a6-0e9c-4900-a5cc-3594d0eeb4ac,Tesoro 77,2015
http://opencontext.org/subjects/45760b29-e1ac-4a1e-9c11-71d071edea48,Tesoro 77,
http://opencontext.org/documents/17d42d5a-afbd-401c-a6e6-651825cc2e87,Tesoro 78,2015
http://opencontext.org/subjects/991fd662-e8c0-4dfd-9b1f-d7233429ca3a,Tesoro 78,
http://opencontext.org/documents/21a198d0-6b7c-4350-bd13-7c49d6ac9251,Tesoro 79,2015
http://opencontext.org/subjects/c8f7fff7-4681-4a40-a049-0f15e1a3602e,Tesoro 79,
http://opencontext.org/media/e548956f-927f-4db0-adba-40428131a12a,Tesoro 8,1969
http://opencontext.org/subjects/59d343e7-1dcc-4863-63a8-1226c211db43,Tesoro 8,1970
http://opencontext.org/subjects/83e9f7d3-4b39-4734-476b-f64e3ab4d584,Tesoro 8,
http://opencontext.org/documents/fac8f55c-38e0-4b0d-925d-b6ac217f81cf,Tesoro 80,2015
http://opencontext.org/subjects/0a00d502-984f-4449-8bdc-8245093690f8,Tesoro 80,
http://opencontext.org/documents/32df248a-280d-44fe-95ab-48ae2738625f,Tesoro 81,2015
http://opencontext.org/subjects/672bd5a3-ea71-4555-aa78-a7ce17bf51f8,Tesoro 81,
http://opencontext.org/documents/eb7efc9f-3733-4a5c-b00e-a9c7673fc2f6,Tesoro 82,2016
http://opencontext.org/subjects/2d29ce46-1637-4f2e-9841-264d6eb14f9e,Tesoro 82,
http://opencontext.org/documents/4f9dc496-73b9-47de-8329-436c420697ac,Tesoro 83,2016
http://opencontext.org/subjects/511415d9-622c-4958-9445-44d509dacd04,Tesoro 83,
http://opencontext.org/documents/b7ebf3f5-ac0e-42e3-8137-fabd6086b185,Tesoro 84,2016
http://opencontext.org/subjects/6ec338a9-36a4-4643-9d16-e01fc33c585f,Tesoro 84,
http://opencontext.org/documents/81684b22-6ffd-4ba4-90d4-b7374d727cf4,Tesoro 85,2016
http://opencontext.org/subjects/f2661425-9eb5-45a2-ae01-d7bc63683db6,Tesoro 85,
http://opencontext.org/documents/79b58977-4278-44f6-a379-5b11434fec7a,Tesoro 86,2016
http://opencontext.org/subjects/1341c275-af80-4e8c-a9f4-1682efe5f022,Tesoro 86,
http://opencontext.org/documents/e8871eeb-812a-4986-9386-44ff5d7966b8,Tesoro 87,2016
http://opencontext.org/subjects/f7b150a8-7650-4d2b-a9b3-91168537a75d,Tesoro 87,
http://opencontext.org/documents/172c9d40-35c9-4025-8756-17d832781034,Tesoro 88,2016
http://opencontext.org/subjects/1b6f73ed-6173-4f3f-938e-a5e5b3402fd4,Tesoro 88,
http://opencontext.org/subjects/85b795fd-d5ef-406e-bce7-0a695b656fd6,Tesoro 89,
http://opencontext.org/documents/efef86f8-a62d-4ea8-a5df-fba23ea01184,Tesoro 89,2017
http://opencontext.org/documents/17f9c9fc-da11-4f86-9a8c-508274150562,Tesoro 9,1969
http://opencontext.org/documents/3d550ed4-cc3b-428d-b1e7-950c3c8d7889,Tesoro 9,2001
http://opencontext.org/documents/c12b2790-ac2c-4713-914c-2bc8e5482506,Tesoro 9,1970
http://opencontext.org/documents/ec67dbaa-ccc3-4f05-97f5-ddde9a13d668,Tesoro 9,1971
http://opencontext.org/subjects/bf820055-f9bb-4c0b-f214-9495e60b7161,Tesoro 9,
http://opencontext.org/documents/34e6e781-c985-45b4-80ab-9248db595e40,Tesoro 90,2022
http://opencontext.org/documents/88918f33-47d2-4d0d-bf08-79090f54c911,Tesoro 90,2018
http://opencontext.org/documents/1d58fb05-7de4-42fd-aada-c79c725a960a,Tesoro 90,2023
http://opencontext.org/documents/7d7b2f34-c6d7-4102-b9bc-fdd702d3db9b,Tesoro 90,2019
http://opencontext.org/documents/8c0da4ea-1d7b-4cdc-bcfd-48b4cd514832,Tesoro 90,2017
http://opencontext.org/subjects/96295113-d994-443b-9ce8-0b33513418a9,Tesoro 90,
http://opencontext.org/documents/69860395-7ddd-4478-b835-d477fbf571f8,Tesoro 91,2018
http://opencontext.org/subjects/432c8c53-db7f-4564-a116-0851b9456acc,Tesoro 91,
http://opencontext.org/documents/370f3c41-81c6-401b-bb34-5a94f8ca9c7e,Tesoro 92,2018
http://opencontext.org/subjects/31085519-3ac4-4b71-8f76-335a904d807b,Tesoro 92,
http://opencontext.org/documents/eec9c687-89af-4687-984b-109c8d63d73e,Tesoro 93,2018
http://opencontext.org/subjects/d1d16a34-8941-40e5-a76e-b211a6eda05b,Tesoro 93,
http://opencontext.org/documents/5ec2c705-995f-45d6-910a-c546f35f3d93,Tesoro 94,2019
http://opencontext.org/subjects/3179525d-9457-493c-8671-f6aae250413f,Tesoro 94,
http://opencontext.org/documents/57338159-e07c-41c5-b8b9-ad79bbe32f74,Tesoro 95,2019
http://opencontext.org/subjects/c85a5188-19e6-4b7a-a5f2-e3ba33f24b90,Tesoro 95,
http://opencontext.org/documents/e400bbf7-3773-4014-89ad-7de6d4e3a704,Tesoro 99,2019
http://opencontext.org/subjects/eb495774-823b-4d26-9715-14cacc43049a,Tesoro 99,
http://opencontext.org/documents/28c38cf5-50f5-4737-ae35-941df45c709c,Vescovado 8,2015
http://opencontext.org/documents/6628043b-60e1-4d7a-813d-ddb393c406cf,Vescovado 13,2016
http://opencontext.org/documents/902b601a-c058-4842-bdc3-2c584047a6e3,Vescovado 12,2016
http://opencontext.org/documents/dc35fd44-c72c-4664-9755-9cca4ac5e376,Vescovado 7,2015
http://opencontext.org/documents/b0eccf63-f233-4abe-8811-df0aa6b800e8,Vescovado 9,2015
http://opencontext.org/documents/8d977c77-fd78-4b2b-86f8-65b272c79f69,Vescovado 4,2006
http://opencontext.org/documents/bfeed81c-04da-44bb-8c1b-6c0fc3126b9c,Vescovado 11,2016
http://opencontext.org/documents/4227cb5d-c4a8-4fea-a83b-ff6a890cc1e9,Vescovado 10,2015
http://opencontext.org/documents/d116f2ba-8d8d-4d92-9002-7790c19eeabb,Vescovado 14,2016
http://opencontext.org/documents/d566f5c9-fa91-42c0-88b6-0c9658518661,Vescoavdo 6,2006
http://opencontext.org/documents/a4827f4a-f4b0-4915-9567-15e542266ef3,Vescovado 3,2006
http://opencontext.org/documents/e50034aa-d831-4f0f-879b-9d7c64f5ffaf,Vescovado 15,2017
http://opencontext.org/documents/2baaf3ca-05ac-48b2-8cc9-7ef8ac51681c,Vescovado 2,2006
http://opencontext.org/documents/4bc9634e-2277-42a3-9f45-5e7280fa160b,Vescovado 5,2006
http://opencontext.org/subjects/4c242a96-3c0a-4187-48cd-6287241f09cd,Vescovado 2,
http://opencontext.org/subjects/f6e97c59-ee6f-4824-863e-6596aa68be2d,Vescovado 4,
http://opencontext.org/subjects/244e8a86-c472-47e2-baaf-fcfe3f67a014,Vescovado 15,
http://opencontext.org/subjects/25a27283-05af-42e2-c839-3d8605eec6bd,Vescovado 3,
http://opencontext.org/documents/dc424583-adcb-4d5a-b7e5-1d2d46af06d4,Vescovado 1,2006
http://opencontext.org/subjects/ce22d11f-721a-4050-9576-f807a25ddefa,Vescovado 7,
http://opencontext.org/subjects/c7049909-f2de-4b43-a9b4-d19a5c516532,Vescovado 8,
http://opencontext.org/subjects/608f3452-daf4-4e93-b953-3adb06c7a0cb,Vescovado 11,
http://opencontext.org/subjects/6d37f225-f83a-4d6b-8e6a-0b138b29f236,Vescovado 9,
http://opencontext.org/subjects/5870f6a9-dbb0-425d-9c8b-2424a9fa060a,Vescovado 12,
http://opencontext.org/subjects/bf9a4138-7c96-4c54-8553-004444eec143,Vescovado 13,
http://opencontext.org/subjects/8d6b6694-6e88-4d3f-9494-a9ee95c78b44,Vescoavdo 6,
http://opencontext.org/subjects/e252e83f-68d7-4671-85e3-70ed3a0a62b3,Vescovado 5,
http://opencontext.org/subjects/33e3d75f-7ba0-4d64-b36c-96daf288d06e,Vescovado 10,
http://opencontext.org/subjects/ad8357b1-b46c-4bfe-a221-25b403dcef0f,Vescovado 14,
http://opencontext.org/documents/cf83dd4b-271d-40e4-967f-53ae897b3760,Vescovado 17,2017
http://opencontext.org/documents/9c6dbeb4-976c-4b33-92fa-7e2337c33ec7,Vescovado 16,2017
http://opencontext.org/subjects/d3d3f8fd-5de6-44a8-1664-fde0cc7f11fc,Vescovado 1,
http://opencontext.org/subjects/d91c02df-bc3c-476a-a48e-6eb735397692,Vescovado 17,
http://opencontext.org/subjects/c08c0cda-6436-45aa-a52b-28359846c904,Vescovado 0,Tr-I
http://opencontext.org/subjects/7de5e185-77fb-4ff5-b73b-b47b870acae2,Vescovado 16,
http://opencontext.org/documents/0d18afa8-7692-4db1-a083-47484e6e11c4,,
http://opencontext.org/subjects/9642afa9-c75b-4a9f-9cff-a5e531781362,Vescovado 0,
